username;date;retweets;favorites;text;geo;mentions;hashtags;id;permalink
Wabash_WB;2018-03-30 22:56;0;0;"Recently our volunteer bingo callers were showing a little holiday spirit. #volunteers #games #stpatricksday2018 pic.twitter.com/r7TG42lPy7";;;#volunteers #games #stpatricksday2018;"979854888548134912";https://twitter.com/Wabash_WB/status/979854888548134912
HabitImprintZ;2018-03-30 19:10;0;1;"Vinyl heatpressed St Patrick's Day hoodie pullovers #stpatricksday #stpatricksday2018 #stpatrick #stpattysday #clover #vinyl #thermoflex #thermoflexplus #silkscreenprinting #silkscreening #silkscreen #silkscreenprintingshop #screenprint #screenprinting #screening pic.twitter.com/BzYjxNvzn2";;;#stpatricksday #stpatricksday2018 #stpatrick #stpattysday #clover #vinyl #thermoflex #thermoflexplus #silkscreenprinting #silkscreening #silkscreen #silkscreenprintingshop #screenprint #screenprinting #screening;"979798149458874368";https://twitter.com/HabitImprintZ/status/979798149458874368
AJConway3;2018-03-30 18:07;0;1;"Who’s worse.... Hillary or Spina? @David_Kudla @BlackburnReview #ud #stpatricksday2018 #dayton #president #flyers #ghetto #daytonflyers";;@David_Kudla @BlackburnReview;#ud #stpatricksday2018 #dayton #president #flyers #ghetto #daytonflyers;"979782134931054594";https://twitter.com/AJConway3/status/979782134931054594
NOTpodcast1;2018-03-30 17:23;23;23;"New #Podcast ! Episode 57! We bring the drama, some more drama, and follow that with even more drama! Plus some #Nerdy news #ultimateDeletion talk and #stpatricksday2018 fun! ALWAYS FREE to listen! #PodernFamily #podernmadness #PodcastMafia #ohhiMark https:// itunes.apple.com/us/podcast/not -another-nerdy-podcast/id1185294004?mt=2#episodeGuid=Notpodcast1.podbean.com%2Fepisode-57-caught-in-a-swirling-vortex-24b00f90dd1700f333f1ee8f1a4eedd1 …";;;#Podcast #Nerdy #ultimateDeletion #stpatricksday2018 #PodernFamily #podernmadness #PodcastMafia #ohhiMark #episodeGuid;"979771176724680707";https://twitter.com/NOTpodcast1/status/979771176724680707
NOTpodcast1;2018-03-30 17:09;5;3;"New #Podcast ! Episode 57! We bring the drama, some more drama, and follow that with even more drama! Plus some #Nerdy news and #stpatricksday2018 shenanigans ALWAYS FREE to listen! #PodernFamily #podernmadness #PodcastMafia #ohhiMark https:// itunes.apple.com/us/podcast/not -another-nerdy-podcast/id1185294004?mt=2#episodeGuid=Notpodcast1.podbean.com%2Fepisode-57-caught-in-a-swirling-vortex-24b00f90dd1700f333f1ee8f1a4eedd1 …";;;#Podcast #Nerdy #stpatricksday2018 #PodernFamily #podernmadness #PodcastMafia #ohhiMark #episodeGuid;"979767626258894848";https://twitter.com/NOTpodcast1/status/979767626258894848
Rebecca08051979;2018-03-30 13:48;0;0;". @theouijaladies on #Periscope : Paranormal activity??? #StPatricksDay2018 #haunted #abandoned https://www. pscp.tv/w/bY43iDYwMTA5 NTN8MXlwSmRtUFZhZ054VxjEeeqJgn6HuuB5K3XPOe746cnZ3FWcvFGdkob1-cYv …";;@theouijaladies;#Periscope #StPatricksDay2018 #haunted #abandoned;"979716955451006976";https://twitter.com/Rebecca08051979/status/979716955451006976
ChrisKeuling;2018-03-30 13:36;0;0;"Nothing says #Christmas on #stpatricksday2018 being posted about on #GoodFriday like @BobbyFlaySteak1 ! http:// chriskeuling.com/atlantic-city- bobby-flay-steak/ … #steak #AtlanticCity pic.twitter.com/CcHKz8yw9b";;@BobbyFlaySteak1;#Christmas #stpatricksday2018 #GoodFriday #steak #AtlanticCity;"979713969672814592";https://twitter.com/ChrisKeuling/status/979713969672814592
bustervilla;2018-03-30 11:47;0;1;"Heathrow Hilton shower curtain did beat me up and I have a work in progress #GrandSlam #stpatricksday2018 chin scar. #worthit enjoy the game and keep up the good work";;;#GrandSlam #stpatricksday2018 #worthit;"979686530288619521";https://twitter.com/bustervilla/status/979686530288619521
PresidentIRL;2018-03-30 07:13;10;38;"On #StPatricksDay2018 President Higgins paid tribute to the generosity of organ donors, and to those who make organ transplants possible. Watch the President's speech here: https:// youtu.be/f96LI2CEA-I #OrganDonation #OrganDonationWorks pic.twitter.com/EqeoIHm4Hq";;;#StPatricksDay2018 #OrganDonation #OrganDonationWorks;"979617471832485888";https://twitter.com/PresidentIRL/status/979617471832485888
trebor4128;2018-03-30 05:02;2;4;"#FF @EmerBarrySop quite possibly one of the finest Irish voices I have ever heard #Irish #Celtic #Soprano #Folk #classical #musicaltheatre #EmeraldIsle #StPatricksDay2018";;@EmerBarrySop;#FF #Irish #Celtic #Soprano #Folk #classical #musicaltheatre #EmeraldIsle #StPatricksDay2018;"979584722924847104";https://twitter.com/trebor4128/status/979584722924847104
Hey_Eyes_UpHere;2018-03-30 03:44;0;1;"The day before St Patty's Day... Also known as, "The day before the day I start drinking again." #StPatricksDay2018 #stpattys https:// twitter.com/RickyGlore/sta tus/975382573479276550 …";;;#StPatricksDay2018 #stpattys;"979564913419993088";https://twitter.com/Hey_Eyes_UpHere/status/979564913419993088
4saintsphoto;2018-03-29 19:36;0;0;"Photo I took at the #stpatricksday2018 parade in #toronto pic.twitter.com/Ljw0ihYocM";;;#stpatricksday2018 #toronto;"979442256720445440";https://twitter.com/4saintsphoto/status/979442256720445440
JayBuz24;2018-03-29 15:48;0;2;"#Throwback to an amazing #stpatricksday2018 in DC. Supporting @GuinnessIreland @Diageo_NA for my dad - proud of his hard work in opening the first #Guinness brewery in the US outside of Baltimore! pic.twitter.com/Yxmcn7nNoc";;@GuinnessIreland @Diageo_NA;#Throwback #stpatricksday2018 #Guinness;"979384854952534018";https://twitter.com/JayBuz24/status/979384854952534018
Travel_For_Food;2018-03-29 15:01;0;0;"Saint Patrick's Day parades and festivals honor #Irishheritage every 17th of March. These are the best #Irishcelebrations from around the world! http:// travelforfoodhub.com/saint-patricks -day-celebrations-around-world/ … #StPatricksDay2018 #StPatricksDay #travelforfoodhub pic.twitter.com/DOSPhHMnc2";;;#Irishheritage #Irishcelebrations #StPatricksDay2018 #StPatricksDay #travelforfoodhub;"979372920274333701";https://twitter.com/Travel_For_Food/status/979372920274333701
TEVproject;2018-03-29 11:00;2;2;"Another #GreenEnergy record for the #UK as #WindPower generated a third of all the electricity produced in #Britain on #StPatricksDay2018 https://www. shropshirestar.com/news/uk-news/2 018/03/19/a-third-of-power-from-wind-as-new-green-highs-recorded/ … pic.twitter.com/1cNE4JRUNL";;;#GreenEnergy #UK #WindPower #Britain #StPatricksDay2018;"979312222663974917";https://twitter.com/TEVproject/status/979312222663974917
HistoryMakersGM;2018-03-29 09:49;1;0;"#TBThursday to #stpatricksday2018 when @rochdalefc 's Desmond the Dragon gave #smoking the red card. #smokefreesports - a good idea? Have your say on smoking in #GreaterManchester at https:// historymakersgm.co.uk / . Make History! #HistoryMakersGM #MakeHistoryGM @RochdaleCouncil @NHSHMR pic.twitter.com/hgc0akDV2R";;@rochdalefc @RochdaleCouncil @NHSHMR;#TBThursday #stpatricksday2018 #smoking #smokefreesports #GreaterManchester #HistoryMakersGM #MakeHistoryGM;"979294342933286912";https://twitter.com/HistoryMakersGM/status/979294342933286912
REAL_LP;2018-03-29 03:30;0;1;"I really do this!!! #Flame #StPatricksDay2018 #Akwaaba #hotnewartist #upnext #hustlegang #indiemusic #indieartist #newmusic #musicdiscovery #checkmyfiles pic.twitter.com/adhQ5Eni9n";;;#Flame #StPatricksDay2018 #Akwaaba #hotnewartist #upnext #hustlegang #indiemusic #indieartist #newmusic #musicdiscovery #checkmyfiles;"979199065471770624";https://twitter.com/REAL_LP/status/979199065471770624
llau128;2018-03-29 02:34;0;0;"#stpatricksday2018 #Recap can’t go wrong with a #pint and #Irish #Whisky pic.twitter.com/qONB8jx03p";;;#stpatricksday2018 #Recap #pint #Irish #Whisky;"979184919271301120";https://twitter.com/llau128/status/979184919271301120
mancirishfest;2018-03-28 22:05;0;1;"Great feature on @BBCBreakfast for #stpatricksday2018 featuring @TourismIreland CEO @NiallGibbons talking about #GlobalGreening campaign from #NYC https://www. youtube.com/watch?v=qNCBE_ RjQIk&feature=youtu.be …";;@BBCBreakfast @TourismIreland @NiallGibbons;#stpatricksday2018 #GlobalGreening #NYC;"979117405950676992";https://twitter.com/mancirishfest/status/979117405950676992
MAHollstein;2018-03-28 21:51;1;0;"#IARTG #ASMSG #PDF1 #StPatricksDay #StPatricksDay2018 End of the Rainbow, An Aggie Underhill St. ... by Michelle Ann Hollstein for $0.99 http:// amzn.to/2p85V9O via @amazon pic.twitter.com/QxNIfXCOtQ";;@amazon;#IARTG #ASMSG #PDF1 #StPatricksDay #StPatricksDay2018;"979113784110301184";https://twitter.com/MAHollstein/status/979113784110301184
mancirishfest;2018-03-28 21:24;41;10;"Many thanks to @BBCBreakfast & @jamesjohara for sending us the footage of @mancirishfest #ManchesterIrishFestival performers @reel_rhythms @cathmcgoldie27 on #stpatricksday2018 pic.twitter.com/0EF72Dli7l";;@BBCBreakfast @jamesjohara @mancirishfest @reel_rhythms @cathmcgoldie27;#ManchesterIrishFestival #stpatricksday2018;"979106925936771074";https://twitter.com/mancirishfest/status/979106925936771074
PalermoLibrary;2018-03-28 21:17;2;1;"We love a challenge! #DigitalBreakout #stpatricksday2018 @3rdGrLDRS pic.twitter.com/Fc5XkgWDg9";;@3rdGrLDRS;#DigitalBreakout #stpatricksday2018;"979105150051799040";https://twitter.com/PalermoLibrary/status/979105150051799040
MBazilian;2018-03-28 19:34;1;1;"Our #StPatricksday2018 discussion on joint Irish-US scientific research @USIP is now online: @EPRINews @scienceirel @NSF @UCC @BOGallachoir @payneinstitute @irishmissionun @dfatirl @Irish_Aid https://www. youtube.com/watch?v=fTEzUe 10U0I&t=925s …";;@USIP @EPRINews @scienceirel @NSF @UCC @BOGallachoir @payneinstitute @irishmissionun @dfatirl @Irish_Aid;#StPatricksday2018;"979079239797387265";https://twitter.com/MBazilian/status/979079239797387265
VvVUUVvV;2018-03-28 19:29;0;0;"@CoinPoker_OFF @CoinPoker @CoinPokerHodler * #paymentsdue 0xFD86BF24A6aD7e12004d2f7f1c474Cbf3a767C4b #ןןoןןןɥsɐɥoısıʌ #ןןןןıɥɔıɥɔ #ןןןןןıɥpoq #qnɹɔs . #StPatricksDay2018 #snɔıɟןןןןןןן #ǝsnoןןןןןןןɟ #uoısnɟ . #ןןןןןuv @PokerNews_Live not";;@CoinPoker_OFF @CoinPoker @CoinPokerHodler @PokerNews_Live;#paymentsdue # # # #qn #StPatricksDay2018 #sn # #uo #;"979077970395414529";https://twitter.com/VvVUUVvV/status/979077970395414529
VvVUUVvV;2018-03-28 19:28;0;0;"@CoinPoker_OFF @CoinPoker @CoinPokerHodler * #paymentsdue 0xFD86BF24A6aD7e12004d2f7f1c474Cbf3a767C4b #ןןןןןןɥsɐɥoısıʌ #ןןןןıɥɔıɥɔ #ןןןןןıɥpoq #qnɹɔs . #StPatricksDay2018 #snɔıɟןןןןןןן #ǝsnoןןןןןןןɟ #uoısnɟ . #ןuןןןuv @PokerNews_Live not";;@CoinPoker_OFF @CoinPoker @CoinPokerHodler @PokerNews_Live;#paymentsdue # # # #qn #StPatricksDay2018 #sn # #uo #;"979077776111149056";https://twitter.com/VvVUUVvV/status/979077776111149056
LovelyAnnea;2018-03-28 18:04;0;1;"I was sick asf! #stpatricksday2018 pic.twitter.com/3Y6gitzbAq";;;#stpatricksday2018;"979056537401544705";https://twitter.com/LovelyAnnea/status/979056537401544705
theflashlist;2018-03-28 17:52;0;0;"VIDEO recap of the @DallasStPats parade presented by @dallasmavs and featuring @CW33 , @pepboysauto , @limebike @1061KISSFMDFW , @Raising_Canes , @RISEAdaptive , @theskellig , and more. #StPatricksDay2018 https://www. youtube.com/watch?v=e1ywTo xMDmM …";;@DallasStPats @dallasmavs @CW33 @pepboysauto @limebike @1061KISSFMDFW @Raising_Canes @RISEAdaptive @theskellig;#StPatricksDay2018;"979053544971165696";https://twitter.com/theflashlist/status/979053544971165696
mrssherritilley;2018-03-28 17:40;0;3;"My VIDEO recap of the @DallasStPats parade presented by @dallasmavs and featuring @CW33 , @pepboysauto , @limebike @1061KISSFMDFW , @Raising_Canes , @RISEAdaptive , @theskellig , and more. #StPatricksDay2018 https://www. youtube.com/watch?v=e1ywTo xMDmM …";;@DallasStPats @dallasmavs @CW33 @pepboysauto @limebike @1061KISSFMDFW @Raising_Canes @RISEAdaptive @theskellig;#StPatricksDay2018;"979050596056649729";https://twitter.com/mrssherritilley/status/979050596056649729
angns;2018-03-28 17:35;0;4;"When St Patrick’s Day day drinking goes wrong #beer #stpatricksday2018 #dancingfool #halifax #easthants #callthedentist pic.twitter.com/kxdjpWUqOT";;;#beer #stpatricksday2018 #dancingfool #halifax #easthants #callthedentist;"979049332522586112";https://twitter.com/angns/status/979049332522586112
kiranbaloch17;2018-03-28 17:16;0;0;"Death leaves a heartache no one can heal. Love leaves a memory no one can steal. Daniel Barden was one of twenty-six innocent lives taken on December 14, 2012 at Sandy Hook Elementary in Newtown, CT. #StPatricksDay2018 #StPatricksDay #sandyhookpromise #saysomething pic.twitter.com/UtjfPwRD4F";;;#StPatricksDay2018 #StPatricksDay #sandyhookpromise #saysomething;"979044637661892608";https://twitter.com/kiranbaloch17/status/979044637661892608
LABeatartsmag;2018-03-28 16:00;0;0;"Junkman’s Quire play packed house for St. Patrick’s Day http://www. labeat.ca/index.php?opti on=com_content&view=article&id=5665%3Ajunkmans-quire-play-packed-housemfor-st-patricks-day&catid=1%3Alatest-news&Itemid=50#.Wru8G1yoRis.twitter … #YQL #JunkmansQuire #AverageJoes #StPatricksDay2018";;;# #YQL #JunkmansQuire #AverageJoes #StPatricksDay2018;"979025562495631360";https://twitter.com/LABeatartsmag/status/979025562495631360
LABeatartsmag;2018-03-28 15:46;0;0;"Adequate bring St. Patrick’s Day funk http://www. labeat.ca/index.php?opti on=com_content&view=article&id=5664%3Aadequate-bring-st-patricks-day-funk&catid=1%3Alatest-news&Itemid=50#.Wru4iKktwKY.twitter … #YQL #Adequate #StpatricksDay2018 #OwLAcousticLounge #WHO ?";;;# #YQL #Adequate #StpatricksDay2018 #OwLAcousticLounge #WHO;"979021808677527552";https://twitter.com/LABeatartsmag/status/979021808677527552
LABeatartsmag;2018-03-28 15:39;0;0;"Petunia tests new songs for St. Patrick’s Day http://www. labeat.ca/index.php?opti on=com_content&view=article&id=5663%3Apetunia&catid=1%3Alatest-news&Itemid=50#.Wru3JqQWJyA.twitter … #YQL #Petunia #the Slice #StPatricksday2018";;;# #YQL #Petunia #the #StPatricksday2018;"979020210890878976";https://twitter.com/LABeatartsmag/status/979020210890878976
DrX_ToBeSure;2018-03-28 12:25;0;0;"Anyone else suffer from pin-nesia? Celebrate St Patrick's day all year round with your book of #limericks by Dr X; https:// buff.ly/2IqAsr4 #SaintPatricksDay #StPatricksDay2018 #SaintPatricksDay2018 #StPatricksDay2019 #SaintPatricksDay2019 #Poem #Humour #Funny #CreditCard pic.twitter.com/9PpOGzArW3";;;#limericks #SaintPatricksDay #StPatricksDay2018 #SaintPatricksDay2018 #StPatricksDay2019 #SaintPatricksDay2019 #Poem #Humour #Funny #CreditCard;"978971230119301122";https://twitter.com/DrX_ToBeSure/status/978971230119301122
jamesAjourno;2018-03-28 10:00;0;1;"Check out our gallery of fans of @LiRFC celebrating #StPatricksDay2018 https://www. inyourarea.co.uk/news/london-ir ish-fans-celebrate-at-st-patricks-day-party/ …";;@LiRFC;#StPatricksDay2018;"978934724164046848";https://twitter.com/jamesAjourno/status/978934724164046848
Intolwoods;2018-03-28 05:30;0;3;"Finally celebrated #StPatricksDay2018 wth my drinking buddies!! Drank a lot of #greenbeer . Look my Joy and I are the Irish flag I demonstrated twerking that’s what the Peach is for #bunco #lovemylife pic.twitter.com/omufJkMJ5i";;;#StPatricksDay2018 #greenbeer #bunco #lovemylife;"978867011576123392";https://twitter.com/Intolwoods/status/978867011576123392
SenorChavezU;2018-03-28 04:13;3;1;"market based pricing is key. #Entrepreneurs #Innovation #Teachers #AI #IoT #business #marketing #Engineering #Blockchain #disruptive #tech #StPatricksDay2018";;;#Entrepreneurs #Innovation #Teachers #AI #IoT #business #marketing #Engineering #Blockchain #disruptive #tech #StPatricksDay2018;"978847451330195457";https://twitter.com/SenorChavezU/status/978847451330195457
Sabrina_Mati_;2018-03-28 03:35;0;0;"Goth St. Patrick's Day Makeup Tutorial https:// youtu.be/k22NtN8jA2w Uploaded a new video! Go check it! #makeup #MakeupTutorial #art #goth #StPatricksDay2018 #Greens";;;#makeup #MakeupTutorial #art #goth #StPatricksDay2018 #Greens;"978837930767630336";https://twitter.com/Sabrina_Mati_/status/978837930767630336
TheTrueTrophies;2018-03-28 01:26;0;0;"It's #trophytuesday ! Join @quezmav and @nlenz42 for a brand new #sode ! https:// trophyhusbands.podbean.com/e/episode-101- splenda-daddy/ … #trophyhusbands #StPatricksDay2018 #splendadaddy #podcast #podcasting";;@quezmav @nlenz42;#trophytuesday #sode #trophyhusbands #StPatricksDay2018 #splendadaddy #podcast #podcasting;"978805608819384321";https://twitter.com/TheTrueTrophies/status/978805608819384321
MAHollstein;2018-03-28 00:04;6;0;"#IARTG #ASMSG #PDF1 #StPatricksDay #StPatricksDay2018 End of the Rainbow, An Aggie Underhill St. ... by Michelle Ann Hollstein for $0.99 http:// amzn.to/2p85V9O via @amazon pic.twitter.com/QxNIfXCOtQ";;@amazon;#IARTG #ASMSG #PDF1 #StPatricksDay #StPatricksDay2018;"978784775266643969";https://twitter.com/MAHollstein/status/978784775266643969
Mhollstein;2018-03-27 23:57;3;1;"#IARTG #ASMSG #PDF1 #StPatricksDay #StPatricksDay2018 End of the Rainbow, An Aggie Underhill St. ... by Michelle Ann Hollstein for $0.99 http:// amzn.to/2p85V9O via @amazon pic.twitter.com/Dxh3pS3jQj";;@amazon;#IARTG #ASMSG #PDF1 #StPatricksDay #StPatricksDay2018;"978783013411500032";https://twitter.com/Mhollstein/status/978783013411500032
LarryShort;2018-03-27 23:29;0;0;". @Lyft drivers in more than 15 cities throughout the U.S. gave 2.4 million rides on #StPatricksDay2018 , the single-largest day so far for the rapidly growing #rideshare organization. https:// thehub.lyft.com/blog/2018/3/20 /lyft-does-st-patricks-day …";;@Lyft;#StPatricksDay2018 #rideshare;"978776013613154304";https://twitter.com/LarryShort/status/978776013613154304
BrewNationCa;2018-03-27 23:06;0;1;"We visit John and the staff at Church Key Brewing Company for something a little different. Check it out!! https:// youtu.be/37rnCFDk9Gk #CraftBeer #CraftBrewery #ontarioCraftBeer #beer #reviews #StPatricksDay2018";;;#CraftBeer #CraftBrewery #ontarioCraftBeer #beer #reviews #StPatricksDay2018;"978770146608197632";https://twitter.com/BrewNationCa/status/978770146608197632
Atlas2686;2018-03-27 22:00;0;2;"Don’t forget or latest episode! St Patrick’s day shenanigans in New Orleans, a detailed coffee discussion and a new lighting round! #StPatricksDay2018 #nola #craftbeer #pepperspray #breakup #puke #coffee #lighting #UEFAChampionsLeague #UEFA #concacaf https:// twitter.com/lotdpodcast/st atus/978210210560008193 …";;;#StPatricksDay2018 #nola #craftbeer #pepperspray #breakup #puke #coffee #lighting #UEFAChampionsLeague #UEFA #concacaf;"978753674884407297";https://twitter.com/Atlas2686/status/978753674884407297
ProudMomma52911;2018-03-27 19:32;0;0;"Spent #stpatricksday2018 with my baby boy #latepost #blakerobert #1monthold #preemiebaby … https://www. instagram.com/p/Bg1qlY_nanw/";;;#stpatricksday2018 #latepost #blakerobert #1monthold #preemiebaby;"978716489833484288";https://twitter.com/ProudMomma52911/status/978716489833484288
VvVUUVvV;2018-03-27 19:14;0;0;"@CoinPoker_OFF @CoinPoker @CoinPokerHodler * #paymentsdue 0xFD86BF24A6aD7e12004d2f7f1c474Cbf3a767C4b #ןןןןןןɥsɐɥoısıʌ #ןןןןıɥɔıɥɔ #ןןןןןıɥpoq #qnɹɔs . #StPatricksDay2018 #snɔıɟןןןןןןן #ǝsnoןןןןןןןɟ #uoısnɟ . #ןןןןuv @PokerNews_Live not";;@CoinPoker_OFF @CoinPoker @CoinPokerHodler @PokerNews_Live;#paymentsdue # # # #qn #StPatricksDay2018 #sn # #uo #;"978711812869824512";https://twitter.com/VvVUUVvV/status/978711812869824512
VvVUUVvV;2018-03-27 19:11;0;0;"@CoinPoker_OFF @CoinPoker @CoinPokerHodler * #paymentsdue 0xFD86BF24A6aD7e12004d2f7f1c474Cbf3a767C4b #ןןןןןןɥsɐɥoısıʌ #ןןןןıɥɔıɥɔ #ןןןןןıɥpoq #qnɹɔs . #StPatricksDay2018 #snɔıɟןןןןןןן #ǝsnoןןןןןןןɟ #uoısnɟ . #ןןןןןuv @PokerNews_Live not";;@CoinPoker_OFF @CoinPoker @CoinPokerHodler @PokerNews_Live;#paymentsdue # # # #qn #StPatricksDay2018 #sn # #uo #;"978711180607815682";https://twitter.com/VvVUUVvV/status/978711180607815682
CommunityNS;2018-03-27 19:05;1;7;"Our board member @ammcelrone and communications coordinator @laurajaneyorke took a very chilly dip for @DartmouthCFC on #StPatricksDay2018 ! https:// twitter.com/DartmouthCFC/s tatus/978588586152005633 …";;@ammcelrone @laurajaneyorke @DartmouthCFC;#StPatricksDay2018;"978709517671325696";https://twitter.com/CommunityNS/status/978709517671325696
HiIreland;2018-03-27 18:13;0;2;"#Glenmalure Youth Hostel in #Wicklow during a heavy snowfall during the #StPatricksDay2018 weekend. @TheWicklowWay #WicklowWay @visitwicklow @GlenmalureLodge pic.twitter.com/GGEpodDxyO";;@TheWicklowWay @visitwicklow @GlenmalureLodge;#Glenmalure #Wicklow #StPatricksDay2018 #WicklowWay;"978696403886026752";https://twitter.com/HiIreland/status/978696403886026752
danspapers;2018-03-27 16:18;0;0;"The 56th annual #Montauk Friends of Erin St. Patrick's Day Parade kicked off Sunday with Grand Marshal Kathleen Keller leading the way. http://www. danspapers.com/photos/communi ty/56th-annual-montauk-friends-of-erin-st-patricks-day-parade/?gimg=265571#.WrptuJPwZGM … #StPatricksDay2018 pic.twitter.com/il5UWb7M9P";;;#Montauk # #StPatricksDay2018;"978667529907462144";https://twitter.com/danspapers/status/978667529907462144
CapitolCorn;2018-03-27 13:47;0;0;"After suffering through #StPatricksDay2018 last week with @MrJBeetle I think I might replace country with Irish music as my most hated musical genre.";;@MrJBeetle;#StPatricksDay2018;"978629522152030208";https://twitter.com/CapitolCorn/status/978629522152030208
newcollworc;2018-03-27 13:44;0;3;"We know St Patrick's day has passed but we couldn't let an opportunity like this slip past! Here is House parent Jason giving it his best! #StPatricksDay2018 pic.twitter.com/YTE1ewTHxc";;;#StPatricksDay2018;"978628903462932480";https://twitter.com/newcollworc/status/978628903462932480
AltumHealth;2018-03-27 12:44;0;0;"Its never too late to post St. Patty's Day pictures! Our @AltumHealth Ottawa site joining in on the festivities! #StPatricksDay2018 #AltumHealth pic.twitter.com/wKomp0iWFl";;@AltumHealth;#StPatricksDay2018 #AltumHealth;"978613820489961472";https://twitter.com/AltumHealth/status/978613820489961472
DartmouthCFC;2018-03-27 11:04;10;22;"Thanks @chronicleherald for covering our 1st #Dartmouth Dip 'N Dine #StPatricksDay2018 #BlueNose2018 pic.twitter.com/0ueY9TL6Ss";;@chronicleherald;#Dartmouth #StPatricksDay2018 #BlueNose2018;"978588586152005633";https://twitter.com/DartmouthCFC/status/978588586152005633
Graffiti_Bleu;2018-03-27 10:24;0;0;"Rhythm & Poetry St Patricks Day Benefit. https:// gbleu.com/events/rhythm- poetry-st-patricks-day-benefit/ … #stpatricksday2018 #RhythmNPoetry #Music & #Poetry #Event #Sacramento";;;#stpatricksday2018 #RhythmNPoetry #Music #Poetry #Event #Sacramento;"978578453573316608";https://twitter.com/Graffiti_Bleu/status/978578453573316608
caritosowen;2018-03-27 04:16;0;0;"Laaaaaaaate post. St Patrick’s day! #StPatricksDay2018 #condesa #CDMX pic.twitter.com/LVMq3Tflr4";;;#StPatricksDay2018 #condesa #CDMX;"978485956830547968";https://twitter.com/caritosowen/status/978485956830547968
Brickman_1991;2018-03-27 03:30;0;0;"From the #StPatricksDay2018 show that I played with my band #YesterdaysVillains at #LittleTexas !… https://www. instagram.com/p/Bgz8aWVBzmL/";;;#StPatricksDay2018 #YesterdaysVillains #LittleTexas;"978474373790093312";https://twitter.com/Brickman_1991/status/978474373790093312
Brickman_1991;2018-03-27 03:30;0;0;"From the #StPatricksDay2018 show that I played with my band #YesterdaysVillains at #LittleTexas !… https://www. instagram.com/p/Bgz8WV1hoNV/";;;#StPatricksDay2018 #YesterdaysVillains #LittleTexas;"978474326361034752";https://twitter.com/Brickman_1991/status/978474326361034752
Brickman_1991;2018-03-27 03:30;0;0;"From the #StPatricksDay2018 show that I played with my band #YesterdaysVillains at #LittleTexas !… https://www. instagram.com/p/Bgz8TjrhjJI/";;;#StPatricksDay2018 #YesterdaysVillains #LittleTexas;"978474308547657728";https://twitter.com/Brickman_1991/status/978474308547657728
Brickman_1991;2018-03-27 03:29;0;0;"From the #StPatricksDay2018 show that I played with my band #YesterdaysVillains at #LittleTexas !… https://www. instagram.com/p/Bgz8YBHh1lr/";;;#StPatricksDay2018 #YesterdaysVillains #LittleTexas;"978474135100669952";https://twitter.com/Brickman_1991/status/978474135100669952
johnleesandiego;2018-03-27 03:27;0;4;"just saw the @TheShaugerGroup #StPatricksDay2018 letter to the editor, I'll be publishing it in the morning in @TAPintoNutley and @BloomfieldTAP";;@TheShaugerGroup @TAPintoNutley @BloomfieldTAP;#StPatricksDay2018;"978473472698482688";https://twitter.com/johnleesandiego/status/978473472698482688
ProudMomma52911;2018-03-27 02:58;0;0;"Ready to celebrate #stpatricksday2018 at school with his party #latepost #karteralexander … https://www. instagram.com/p/Bgz4zDlHex-/";;;#stpatricksday2018 #latepost #karteralexander;"978466268150943744";https://twitter.com/ProudMomma52911/status/978466268150943744
jboons34;2018-03-26 23:17;0;1;"New vlog!!! Take a lookie, cookie. #StPatricksDay2018 https:// twitter.com/jboons34/statu s/978408265523449856 …";;;#StPatricksDay2018;"978410560780939265";https://twitter.com/jboons34/status/978410560780939265
ShellyRaihala;2018-03-26 22:33;1;1;"#Video -ette, Of Touring The #Foyer , Of The "1921" #Farmhouse , That's At #OrtingHighway / #Pioneer . Filmed On #StPatricksDay2018 ! The other visitors look like #Ghosts , in it! It was freezing #cold , drafty, & the #realtor said she thinks the #basement is #haunted . She sat in her car. pic.twitter.com/W5hBsazxbW";;;#Video #Foyer #Farmhouse #OrtingHighway #Pioneer #StPatricksDay2018 #Ghosts #cold #realtor #basement #haunted;"978399682740207616";https://twitter.com/ShellyRaihala/status/978399682740207616
Mhollstein;2018-03-26 22:09;2;0;"#IARTG #ASMSG #PDF1 #StPatricksDay #StPatricksDay2018 End of the Rainbow, An Aggie Underhill St. ... by Michelle Ann Hollstein for $0.99 http:// amzn.to/2p85V9O via @amazon pic.twitter.com/Dxh3pS3jQj";;@amazon;#IARTG #ASMSG #PDF1 #StPatricksDay #StPatricksDay2018;"978393640669085697";https://twitter.com/Mhollstein/status/978393640669085697
Happy_Spaceman;2018-03-26 20:26;0;3;"Drew my babies for a St. Patrick's Day theme. #myart #AlRoth #SabrinaRose #AlexandraRoth #StPatricksDay2018 #StPatricksDay #EightLayerInferno #art pic.twitter.com/q1ZqHymKnm";;;#myart #AlRoth #SabrinaRose #AlexandraRoth #StPatricksDay2018 #StPatricksDay #EightLayerInferno #art;"978367501439590401";https://twitter.com/Happy_Spaceman/status/978367501439590401
PigweedCrowhill;2018-03-26 20:12;1;1;"A little belated #StPatricksDay2018 show here, with an Irish story and a review of #Guinness - both draft and extra stout. https://www. youtube.com/watch?v=eDYSgO fldiw …";;;#StPatricksDay2018 #Guinness;"978364084793020418";https://twitter.com/PigweedCrowhill/status/978364084793020418
poisonivyltd;2018-03-26 19:52;0;0;"Proudest mom! #Irishdancer #StPatricksDay2018 pic.twitter.com/iQFgpe3CwW";;;#Irishdancer #StPatricksDay2018;"978359050537701377";https://twitter.com/poisonivyltd/status/978359050537701377
ca_truck_driver;2018-03-26 19:16;0;2;"Wishing you a pot of gold and all the joy your heart can hold -The Chicago river has been dyed green on St. Patrick's day every year since 1962. #stpatricksday #stpattysday #stpatricksday2018 #chicago #truckdriver #truckdrivers #luck #truckerwall … https:// ift.tt/2DWU8j3 pic.twitter.com/dtGcdliZ4Z";;;#stpatricksday #stpattysday #stpatricksday2018 #chicago #truckdriver #truckdrivers #luck #truckerwall;"978350042812690432";https://twitter.com/ca_truck_driver/status/978350042812690432
SR_Projects;2018-03-26 18:58;0;1;"With @SRNewsNow https://www. sr-news.com/index.php/2018 /03/23/newcastles-biggest-st-patricks-day-festival-brings-people-together/ … #StPatricksDay2018 @Tyneside_Irish with @BillCorcoran5 @ChiOnwurah @tcfiddler";;@SRNewsNow @Tyneside_Irish @BillCorcoran5 @ChiOnwurah @tcfiddler;#StPatricksDay2018;"978345475123437569";https://twitter.com/SR_Projects/status/978345475123437569
spotonmg;2018-03-26 18:25;5;8;"The #StPatricksDay #episode from @TheLoungeTalkTV features a #StPatricksParty in which @BookendBaldies have their own mini- #StPatricksFest in honour of #StPatricksDay2018 don't miss this #funny episode! #NowStreaming on #Roku #RokuUK https:// twitter.com/ukrokuchannels /status/978335604672024577 …";;@TheLoungeTalkTV @BookendBaldies;#StPatricksDay #episode #StPatricksParty #StPatricksFest #StPatricksDay2018 #funny #NowStreaming #Roku #RokuUK;"978337055439802368";https://twitter.com/spotonmg/status/978337055439802368
lauramvirtanen;2018-03-26 18:06;0;0;"Each corner is a memory. #stpatricksday2018 #dublin @Ha'penny Bridge https://www. instagram.com/p/Bgy750Oj6Oy/";;@Ha;#stpatricksday2018 #dublin;"978332364945481728";https://twitter.com/lauramvirtanen/status/978332364945481728
ExhibeFlixNews;2018-03-26 17:30;0;0;"Guess who we caught celebrating St Patricks! http:// Exhibeflix.com #Ford #StPatricksDay #StPatricksDay2018 #Starwars pic.twitter.com/SIuqGDxB1J";;;#Ford #StPatricksDay #StPatricksDay2018 #Starwars;"978323195575992325";https://twitter.com/ExhibeFlixNews/status/978323195575992325
SilviaZannella;2018-03-26 15:15;0;5;"Drawing ourselves as leprechauns in @k7claireville continuing the celebration of #StPatricksDay2018 @ClairevillePeel pic.twitter.com/3KE1bKfRgL";;@k7claireville @ClairevillePeel;#StPatricksDay2018;"978289363724505088";https://twitter.com/SilviaZannella/status/978289363724505088
McQuestionFace;2018-03-26 12:58;13;14;"What's short, green, and can't count their thumbs? These guys. #QuestionMcQuestionFace #Podcast #PodernFamily #UndergroundPods #PodGenie #StPatricksDay2018 https:// itunes.apple.com/us/podcast/que stions-with-brandon-and-trey/id1327383087?ls=1 …";;;#QuestionMcQuestionFace #Podcast #PodernFamily #UndergroundPods #PodGenie #StPatricksDay2018;"978254920829808640";https://twitter.com/McQuestionFace/status/978254920829808640
TheAvondhu;2018-03-26 10:26;0;1;"St Patrick’s Day Alien Tourist https:// avondhupress.ie/st-patrick-day -alien-tourist/ … via @TheAvondhu @GerardHarrisart #StPatricksDay2018 #AlienTourist pic.twitter.com/c3xyHj1fxV";;@TheAvondhu @GerardHarrisart;#StPatricksDay2018 #AlienTourist;"978216498169896962";https://twitter.com/TheAvondhu/status/978216498169896962
FabFood4All;2018-03-26 09:52;2;1;"New: Quick Spinach Soup - with vegan option! #StPatricksDay2018 #foodie #foodporn #87RT #PMHT @UKBloggers1 https:// buff.ly/2FFKMxH pic.twitter.com/X32tUNa1FZ";;@UKBloggers1;#StPatricksDay2018 #foodie #foodporn #87RT #PMHT;"978207943115059200";https://twitter.com/FabFood4All/status/978207943115059200
ConradDublin;2018-03-26 09:41;0;0;"Just before St Patrick's Day, we asked our @ConradHotels around the world to show us how they celebrate in their city. We love @conradchicago 's pic of the colouring of the Chicago river in green #Conrads4StPatrick #StayInspired #StPatricksDay2018 https:// bit.ly/2G3DXX0";;@ConradHotels @conradchicago;#Conrads4StPatrick #StayInspired #StPatricksDay2018;"978205238330052608";https://twitter.com/ConradDublin/status/978205238330052608
AnaMonroeDance;2018-03-26 06:40;0;0;"Our #beautiful and #talented #IrishDancers , #CelticDancers , #RiverDancers at the #CulturalEvent @AnaMonroeDance #AnaMonroeProduction Happy #StPatricksDay2018 for all of you! #StPatricksDay #StPatricksDay2018 #Irish #StPatricksParty #StPattysDay #Celtics #Dancer #performing pic.twitter.com/rOyHPEHzJj";;@AnaMonroeDance;#beautiful #talented #IrishDancers #CelticDancers #RiverDancers #CulturalEvent #AnaMonroeProduction #StPatricksDay2018 #StPatricksDay #StPatricksDay2018 #Irish #StPatricksParty #StPattysDay #Celtics #Dancer #performing;"978159656328744960";https://twitter.com/AnaMonroeDance/status/978159656328744960
parkmoorpride;2018-03-26 00:46;0;2;"Where is that sneaky leprechaun? Our kindergartners tried to find his gold! @ColsCitySchools #spiritofccs #pantherleaders #StPatricksDay2018 pic.twitter.com/160DscxIgr";;@ColsCitySchools;#spiritofccs #pantherleaders #StPatricksDay2018;"978070600152502272";https://twitter.com/parkmoorpride/status/978070600152502272
vote4driscoll;2018-03-26 00:15;0;1;"Throw back to last week's @950Wrol #southieparade #StPatricksDay float w/ live band belting out The Wild Rover #nonaynever #ireland #StPatricksDay2018 #evacuationday pic.twitter.com/9GsPNtSej4";;@950Wrol;#southieparade #StPatricksDay #nonaynever #ireland #StPatricksDay2018 #evacuationday;"978062734225965056";https://twitter.com/vote4driscoll/status/978062734225965056
poisonivyltd;2018-03-25 22:58;0;0;"This is my pride! Manchester's St. Patrick's parade Irish dance. #Irish #StPatricksDay2018 pic.twitter.com/DEgB2lI7mO";;;#Irish #StPatricksDay2018;"978043430801637376";https://twitter.com/poisonivyltd/status/978043430801637376
SoBadItsScary;2018-03-25 22:25;0;2;"Ep123 #Leprechaun2 is now up for you to try to catch. Don't let this murderous trickster fool you into thinking this is a good movie. #Leprechaun #StPatricksDay #StPatricksDay2018 #horror #HorrorMovies #podcast #horriblehorror #Moongoon #Moongoons #PotOfGold pic.twitter.com/hZah32SG3r";;;#Leprechaun2 #Leprechaun #StPatricksDay #StPatricksDay2018 #horror #HorrorMovies #podcast #horriblehorror #Moongoon #Moongoons #PotOfGold;"978035176889573376";https://twitter.com/SoBadItsScary/status/978035176889573376
ForABetterManch;2018-03-25 22:03;1;1;"Thanks to the Londonderry Lancers Marching Band @Londonderry_mus for being in the #Manchester #StPatricksDay2018 parade. Great job! pic.twitter.com/Z2DMoaz055";;@Londonderry_mus;#Manchester #StPatricksDay2018;"978029522267369474";https://twitter.com/ForABetterManch/status/978029522267369474
ForABetterManch;2018-03-25 21:22;1;1;"Photos from today's #StPatricksDay2018 parade on Elm St. in #Manchester .Set 2 #eringobragh #IrishEyes For more images, check out our @facebook page at: https://www. facebook.com/ForABetterManc hesterPAC/ … pic.twitter.com/eI2fMJQPkc";;@facebook;#StPatricksDay2018 #Manchester #eringobragh #IrishEyes;"978019414573494273";https://twitter.com/ForABetterManch/status/978019414573494273
ForABetterManch;2018-03-25 21:22;2;1;"Photos from today's #StPatricksDay2018 parade on Elm St. in #Manchester . Set 1. #eringobragh #IrishEyes For more images, check out our @facebook page at: https://www. facebook.com/ForABetterManc hesterPAC/ … pic.twitter.com/NZkam8GDwd";;@facebook;#StPatricksDay2018 #Manchester #eringobragh #IrishEyes;"978019307094462465";https://twitter.com/ForABetterManch/status/978019307094462465
ffshifflett;2018-03-25 19:20;0;0;"Chatham EMS last week on the collapse in Savannah Ga #savannah #StPatricksDay2018 #ems @jemsconnect #chathamems #gaems pic.twitter.com/0RmGncG2Kk";;@jemsconnect;#savannah #StPatricksDay2018 #ems #chathamems #gaems;"977988730840584192";https://twitter.com/ffshifflett/status/977988730840584192
LightworkerNews;2018-03-25 17:43;0;4;"“ @adelewalshblog : Happy #StPatricksDay #StPatricksDay2018 pic.twitter.com/Ngt2mZHeyY ” Beautiful :)";;@adelewalshblog;#StPatricksDay #StPatricksDay2018;"977964270473261056";https://twitter.com/LightworkerNews/status/977964270473261056
elizabethsyso;2018-03-25 16:57;0;0;"when you live on the warm-up stretch of the parade route #StPatricksDay2018 pic.twitter.com/nfAGbzByNp";;;#StPatricksDay2018;"977952637353123841";https://twitter.com/elizabethsyso/status/977952637353123841
MAHollstein;2018-03-25 15:45;1;1;"#IARTG #ASMSG #PDF1 #StPatricksDay #StPatricksDay2018 End of the Rainbow, An Aggie Underhill St. ... by Michelle Ann Hollstein for $0.99 http:// amzn.to/2p85V9O via @amazon pic.twitter.com/QxNIfXCOtQ";;@amazon;#IARTG #ASMSG #PDF1 #StPatricksDay #StPatricksDay2018;"977934565963579392";https://twitter.com/MAHollstein/status/977934565963579392
Mhollstein;2018-03-25 15:31;4;0;"#IARTG #ASMSG #PDF1 #StPatricksDay #StPatricksDay2018 End of the Rainbow, An Aggie Underhill St. ... by Michelle Ann Hollstein for $0.99 http:// amzn.to/2p85V9O via @amazon pic.twitter.com/Dxh3pS3jQj";;@amazon;#IARTG #ASMSG #PDF1 #StPatricksDay #StPatricksDay2018;"977930955041136640";https://twitter.com/Mhollstein/status/977930955041136640
ThomCat5;2018-03-25 03:50;0;0;"#stpatricksday2018 #cupcakes #green #whippingcream #heart When I took this pic I didn't even… https://www. instagram.com/p/Bgu1HsmAqC5/";;;#stpatricksday2018 #cupcakes #green #whippingcream #heart;"977754487493361665";https://twitter.com/ThomCat5/status/977754487493361665
DangerousWorld0;2018-03-25 03:30;0;0;"March 24, 2018 at 11:30PM #RealNews #NoLies #dangerousworld #news Why do we wear #green #StPatricksDay #StPatricksDay2018 #StPaddysDay Saint Patrick https://www. youtube.com/watch?v=klBio2 4_K … pic.twitter.com/yIeStM42Fk";;;#RealNews #NoLies #dangerousworld #news #green #StPatricksDay #StPatricksDay2018 #StPaddysDay;"977749469709168640";https://twitter.com/DangerousWorld0/status/977749469709168640
DangerousWorld0;2018-03-25 03:00;0;0;"March 24, 2018 at 11:00PM #RealNews #NoLies #dangerousworld #news Why do we wear #green #StPatricksDay #StPatricksDay2018 #StPaddysDay https://www. youtube.com/watch?v=klBio2 4_K … pic.twitter.com/8lQiu03LZ9";;;#RealNews #NoLies #dangerousworld #news #green #StPatricksDay #StPatricksDay2018 #StPaddysDay;"977741948491653120";https://twitter.com/DangerousWorld0/status/977741948491653120
Mhollstein;2018-03-25 02:33;1;0;"#IARTG #ASMSG #PDF1 #StPatricksDay #StPatricksDay2018 End of the Rainbow, An Aggie Underhill St. ... by Michelle Ann Hollstein for $0.99 http:// amzn.to/2p85V9O via @amazon pic.twitter.com/Dxh3pS3jQj";;@amazon;#IARTG #ASMSG #PDF1 #StPatricksDay #StPatricksDay2018;"977735126967701505";https://twitter.com/Mhollstein/status/977735126967701505
DangerousWorld0;2018-03-25 02:30;0;0;"March 24, 2018 at 10:30PM #RealNews #NoLies #dangerousworld #news Why do we wear #green #StPatricksDay #StPatricksDay2018 #StPaddysDay Saint Patrick https://www. youtube.com/watch?v=klBio2 4_K … pic.twitter.com/PauFnYqzmw";;;#RealNews #NoLies #dangerousworld #news #green #StPatricksDay #StPatricksDay2018 #StPaddysDay;"977734344663019520";https://twitter.com/DangerousWorld0/status/977734344663019520
DangerousWorld0;2018-03-25 02:00;0;0;"March 24, 2018 at 10:00PM #RealNews #NoLies #dangerousworld #news Why do we wear #green #StPatricksDay #StPatricksDay2018 #StPaddysDay https://www. youtube.com/watch?v=klBio2 4_K … pic.twitter.com/Cb1ts9hceq";;;#RealNews #NoLies #dangerousworld #news #green #StPatricksDay #StPatricksDay2018 #StPaddysDay;"977726855645220864";https://twitter.com/DangerousWorld0/status/977726855645220864
ricktragic;2018-03-25 01:38;0;1;"Hope you had a great St. Patrick’s day last week, we sure did! #bravo #poetry #art #stpatricksday2018 pic.twitter.com/OW8h9Fq2iQ";;;#bravo #poetry #art #stpatricksday2018;"977721426265255938";https://twitter.com/ricktragic/status/977721426265255938
DangerousWorld0;2018-03-25 01:30;0;0;"March 24, 2018 at 09:30PM #RealNews #NoLies #dangerousworld #news Why do we wear #green #StPatricksDay #StPatricksDay2018 #StPaddysDay Saint Patrick https://www. youtube.com/watch?v=klBio2 4_K … pic.twitter.com/Fd8b12lhDq";;;#RealNews #NoLies #dangerousworld #news #green #StPatricksDay #StPatricksDay2018 #StPaddysDay;"977719283827593216";https://twitter.com/DangerousWorld0/status/977719283827593216
DangerousWorld0;2018-03-25 01:00;0;0;"March 24, 2018 at 09:00PM #RealNews #NoLies #dangerousworld #news Why do we wear #green #StPatricksDay #StPatricksDay2018 #StPaddysDay https://www. youtube.com/watch?v=klBio2 4_K … pic.twitter.com/MCQoYG1HYO";;;#RealNews #NoLies #dangerousworld #news #green #StPatricksDay #StPatricksDay2018 #StPaddysDay;"977711799524036611";https://twitter.com/DangerousWorld0/status/977711799524036611