username;date;retweets;favorites;text;geo;mentions;hashtags;id;permalink
Patricks1481;2018-03-30 17:15;1;1;"Come spend Easter at Patrick's 1481 Main Street, Downtown Sarasota Serving Brunch 11 AM - 3 PM and Dinner Noon to 10 PM #easter #eastermenu #patricks #sarasota #besteaster #eatout #srqfoodie #brunch #dinner #easterbrunch #easterdinner #easterweekend pic.twitter.com/XSdpeMujxF";;;#easter #eastermenu #patricks #sarasota #besteaster #eatout #srqfoodie #brunch #dinner #easterbrunch #easterdinner #easterweekend;"979769014858764288";https://twitter.com/Patricks1481/status/979769014858764288
Patricks1481;2018-03-30 14:30;1;0;"We'll be serving Brunch Easter Day as well as Easter Dinner. Come enjoy Easter in Historical Downtown Sarasota! . . . #brunch #easterbrunch #easter #family #dinner #easterdinner #patricks #sarasota #longboatkey #siestakey #lakewoodranch #bradenton #venice pic.twitter.com/1Ee5pvMf5A";;;#brunch #easterbrunch #easter #family #dinner #easterdinner #patricks #sarasota #longboatkey #siestakey #lakewoodranch #bradenton #venice;"979727528045764608";https://twitter.com/Patricks1481/status/979727528045764608
Ivan_Borges22;2018-03-30 10:03;0;0;"St. Patricks Day with my friends! #stpatricksday #saintpatricksday #st #saint #patricks #day … https://www. instagram.com/p/Bg8XwxDheyC/";;;#stpatricksday #saintpatricksday #st #saint #patricks #day;"979660253494169601";https://twitter.com/Ivan_Borges22/status/979660253494169601
jcosta999;2018-03-30 00:33;0;0;"#End with #St . #Patricks #Day because it's #white #pride pic.twitter.com/qsX95QQ3GY";;;#End #St #Patricks #Day #white #pride;"979516862521364480";https://twitter.com/jcosta999/status/979516862521364480
australiaanglr;2018-03-28 09:40;0;0;"#PowerCor faces class action over St #Patricks Day #fires http:// bit.ly/2pKvm0k pic.twitter.com/GIh1PTguRi";;;#PowerCor #Patricks #fires;"978929697781403648";https://twitter.com/australiaanglr/status/978929697781403648
hub4offers;2018-03-27 16:33;0;0;"St #Patricks Day Shirt How To Speak Irish Clover Funny Irish #T -shirt Ireland Tee http:// hub4offers.com/ebay/ pic.twitter.com/q6ltjPGodI";;;#Patricks #T;"978671410963922944";https://twitter.com/hub4offers/status/978671410963922944
Patricks1481;2018-03-27 14:03;1;0;"Fresh, juicy, smokey, spicy, blackened mahi mahi sandwich. Delicious! . . . . #freshfish #bestbar #bestrestaurant #downtown #Sarasota #patricks #srqfood #delish #sogood #goodtimes #outdoorpatio #patio #visitsarasota pic.twitter.com/St9BJY7yde";;;#freshfish #bestbar #bestrestaurant #downtown #Sarasota #patricks #srqfood #delish #sogood #goodtimes #outdoorpatio #patio #visitsarasota;"978633488508301313";https://twitter.com/Patricks1481/status/978633488508301313
phanduyson;2018-03-27 12:17;0;0;"GAUTHIER ST PATRICKS DAY TEAM https:// goo.gl/9kQBuF #gauthier #patricks #team #TuesdayThoughts pic.twitter.com/EwgmmnWj93";;;#gauthier #patricks #team #TuesdayThoughts;"978606940002701313";https://twitter.com/phanduyson/status/978606940002701313
SrqDowntown;2018-03-26 16:05;0;3;"Put down your apron and come Celebrate Easter at Patrick's 1481, Downtown Sarasota. A Sarasota Tradition! Patrick's 1481 Main Street, downtown Sarasota (941) 955-1481 #Easter #family #celebrate #spring #Patricks #downtown #Sarasota #restaurant #delish #food #patio #fullbar pic.twitter.com/hjPj25UCA6";;;#Easter #family #celebrate #spring #Patricks #downtown #Sarasota #restaurant #delish #food #patio #fullbar;"978301863031463937";https://twitter.com/SrqDowntown/status/978301863031463937
Patricks1481;2018-03-26 16:05;0;0;"Put down your apron and come Celebrate Easter at Patrick's 1481, Downtown Sarasota. A Sarasota Tradition! Patrick's 1481 Main Street, downtown Sarasota (941) 955-1481 #Easter #family #celebrate #spring #Patricks #downtown #Sarasota #restaurant #delish #food #patio #fullbar pic.twitter.com/H45jqZDQK2";;;#Easter #family #celebrate #spring #Patricks #downtown #Sarasota #restaurant #delish #food #patio #fullbar;"978301862079352833";https://twitter.com/Patricks1481/status/978301862079352833
crafts_cheers;2018-03-26 00:41;0;1;"Join 9 people right now at "St. Patricks Whimsical Wee Folk Reader Feature" #cheers #crafts #entertainment #thegraphicsfairy #whimsical #patricks #feature #reader #folk http:// cheers.ws/Z2aCFf?utm_sou rce=dlvr.it&utm_medium=twitter … pic.twitter.com/rl012CYwoq";;;#cheers #crafts #entertainment #thegraphicsfairy #whimsical #patricks #feature #reader #folk;"978069405845237760";https://twitter.com/crafts_cheers/status/978069405845237760
SACRAZYMEDIAS;2018-03-24 12:51;0;0;"#Smash it up this St. Patrick’s Day with #Absolut and #Shimmy #Beach #Club . - http://www. southafrica.crazymedias.com/?p=88381 - #Patricks pic.twitter.com/fJHOOdGa4y";;;#Smash #Absolut #Shimmy #Beach #Club #Patricks;"977528284471754752";https://twitter.com/SACRAZYMEDIAS/status/977528284471754752
Patricks1481;2018-03-23 16:35;0;1;"Thank you so very much for all the wonderful reviews! We are blown away by your friendliness, courtesy, and the kind words shared by so many of you whether on Facebook, Yelp or Trip Advisor. As a Bostonian would say "Wicked Good" #goodtimes #goodfriends #wickedgood #patricks pic.twitter.com/ImwpVOr77a";;;#goodtimes #goodfriends #wickedgood #patricks;"977222211701440513";https://twitter.com/Patricks1481/status/977222211701440513
Patricks1481;2018-03-23 15:15;0;1;"Happy Fry-Day! You haven’t had a burger until you’ve tried our Famous Guacamole Pepperjack Burger. . . . . #bestburger #fearlessfriday #feelgoodfriday #featurefriday #fridayfun #TGIF #followfriday #friyay #bestbar #patricks #downtownsarasota #sarasota #bradenton #venice #famous pic.twitter.com/ajBWJOPHjd";;;#bestburger #fearlessfriday #feelgoodfriday #featurefriday #fridayfun #TGIF #followfriday #friyay #bestbar #patricks #downtownsarasota #sarasota #bradenton #venice #famous;"977202129680125952";https://twitter.com/Patricks1481/status/977202129680125952
Patricks1481;2018-03-22 19:00;0;1;"#HappyHour is the best hour! #relax #patricks #outdoor #patio #sarasota #FL pic.twitter.com/QFTCQPKmuD";;;#HappyHour #relax #patricks #outdoor #patio #sarasota #FL;"976896462910115840";https://twitter.com/Patricks1481/status/976896462910115840
Patricks1481;2018-03-22 17:30;0;1;"Put down your apron and come Celebrate Easter at Patrick's 1481, Downtown Sarasota. A Sarasota Tradition! Patrick's 1481 Main Street, downtown Sarasota (941) 955-1481 #Easter #family #celebrate #spring #Patricks #downtown #Sarasota #restaurant #delish #food #patio #fullbar pic.twitter.com/O6vShCDnoM";;;#Easter #family #celebrate #spring #Patricks #downtown #Sarasota #restaurant #delish #food #patio #fullbar;"976873773843533824";https://twitter.com/Patricks1481/status/976873773843533824
BasmaHayek;2018-03-22 10:20;0;0;"St Patrick's Day Ireland - Northern Ireland - St Patrick's Day 2018 - St... https:// youtu.be/dQdv3WZHS08 via @YouTube #patricks #Ireland #NI #parade #festival #travel #celebrations #green #shamrock";;@YouTube;#patricks #Ireland #NI #parade #festival #travel #celebrations #green #shamrock;"976765483520274433";https://twitter.com/BasmaHayek/status/976765483520274433
SandyHerman16;2018-03-22 02:36;0;0;"A delightful morning catching up with l2twins with elliot.herman at #patricks … https://www. instagram.com/p/Bgm-WstlqDN/";;;#patricks;"976648902169411584";https://twitter.com/SandyHerman16/status/976648902169411584
Funding_Guide;2018-03-22 02:27;0;0;"St Patricks Day 2018, a Mission Ireland Greeting https://www. dub.io/tw/39623889 #st #patricks pic.twitter.com/7aUpbhtXxu";;;#st #patricks;"976646395468963841";https://twitter.com/Funding_Guide/status/976646395468963841
SrqDowntown;2018-03-21 02:37;0;0;"Join Patrick's 1481 for Easter! It's a Sarasota Tradition for Over 32 Years #Easter #eatout #tradition #eastertradition #Sarasota #Patricks pic.twitter.com/kxTVKUTJyr";;;#Easter #eatout #tradition #eastertradition #Sarasota #Patricks;"976286753043595264";https://twitter.com/SrqDowntown/status/976286753043595264
shelter_black;2018-03-20 18:33;0;0;"@theblackshelter @nantesfr @carquefou @kervegans #st #patricks #day Photo @gael .herve.photo Thx... http:// ift.tt/2IEMTQv pic.twitter.com/o2YPLccqRv";;@theblackshelter @nantesfr @carquefou @kervegans @gael;#st #patricks #day;"976164910802571264";https://twitter.com/shelter_black/status/976164910802571264
connolly_cove;2018-03-20 17:47;1;4;"St. Patrick's Cathedral in county Armagh, Northern Ireland - Historical religious place! https://www. youtube.com/watch?v=CMoGAh ZdiPY … #Patricks #cathedral #church #NorthernIreland #NI #Armagh";;;#Patricks #cathedral #church #NorthernIreland #NI #Armagh;"976153195125895168";https://twitter.com/connolly_cove/status/976153195125895168
Patricks1481;2018-03-20 15:30;0;0;"Put down your apron and come Celebrate Easter at Patrick's 1481, Downtown Sarasota. #easter #dinner #patricks #downtownsarsota #sarasotaeaster #sarasota pic.twitter.com/CdW6RwAneC";;;#easter #dinner #patricks #downtownsarsota #sarasotaeaster #sarasota;"976118759005081601";https://twitter.com/Patricks1481/status/976118759005081601
Patricks1481;2018-03-20 15:25;0;0;"Remember me? . . . . #delish #yum #getinmybelly #food #bacon #foodie #lunch #dinner #foodporn #retween #yummy #burger #fries #hamburger #followme #patricks #tradition #foodie pic.twitter.com/7ba2EI9fJk";;;#delish #yum #getinmybelly #food #bacon #foodie #lunch #dinner #foodporn #retween #yummy #burger #fries #hamburger #followme #patricks #tradition #foodie;"976117443046322176";https://twitter.com/Patricks1481/status/976117443046322176
Patricks1481;2018-03-20 15:06;1;1;"Welcome to a Sarasota Tradition, Patrick's 1481, a visually stunning work of art with a big city flair, where we serve up great comfort food and libations. #patricks #Sarasota #TuesdayTasting #SarasotaTradition #FamilyTradition pic.twitter.com/izduf1SU5B";;;#patricks #Sarasota #TuesdayTasting #SarasotaTradition #FamilyTradition;"976112650315878400";https://twitter.com/Patricks1481/status/976112650315878400
Shopall3;2018-03-19 23:08;0;0;"#St . Patrick’s #Day #Party on #Ezra #Avenue #Drains #Community ... - https:// goo.gl/bWVUm5 - #Auto_Insurance #Patricks pic.twitter.com/3Y5aEcxf4t";;;#St #Day #Party #Ezra #Avenue #Drains #Community #Auto_Insurance #Patricks;"975871615836803072";https://twitter.com/Shopall3/status/975871615836803072
Shopall3;2018-03-19 19:08;0;0;"#Watch Will #Smith #Perform His New #St . Patrick's #Day #Song - https:// wp.me/p8IUfw-9HU - #Latest_Movies #Patricks pic.twitter.com/UXQLnd6NWP";;;#Watch #Smith #Perform #St #Day #Song #Latest_Movies #Patricks;"975811367004508161";https://twitter.com/Shopall3/status/975811367004508161
Patricks1481;2018-03-19 12:00;1;1;"Every Monday! $5 Half-Pound Burgers made just the way you like . . . . . #burger #bestburger #smallfarm #farmlife #freshproduce #restaurant #eatout #eatlocal #patricks #southflorida #centralflorida #florida #sarasota #srqfood #sarasotacounty #paradise #visitflorida #lovefl pic.twitter.com/Lb2HyYkHq7";;;#burger #bestburger #smallfarm #farmlife #freshproduce #restaurant #eatout #eatlocal #patricks #southflorida #centralflorida #florida #sarasota #srqfood #sarasotacounty #paradise #visitflorida #lovefl;"975703666773676033";https://twitter.com/Patricks1481/status/975703666773676033
SrqDowntown;2018-03-19 12:00;0;1;"Every Monday! $5 Half-Pound Burgers made just the way you like . . . . . #burger #bestburger #smallfarm #farmlife #freshproduce #restaurant #eatout #eatlocal #patricks #southflorida #centralflorida #florida #sarasota #srqfood #sarasotacounty #paradise #visitflorida #lovefl pic.twitter.com/EhMxOfpYiP";;;#burger #bestburger #smallfarm #farmlife #freshproduce #restaurant #eatout #eatlocal #patricks #southflorida #centralflorida #florida #sarasota #srqfood #sarasotacounty #paradise #visitflorida #lovefl;"975703666287173633";https://twitter.com/SrqDowntown/status/975703666287173633
Patricks1481;2018-03-18 19:30;0;1;"Eat More Fish . . . . . #fishfry #patricks #spotlightsunday #sundayfunday #visitsarasota #mysarasota #destinationsarasota #downtown #hotspot #wheretoeat #restaurant #eatout #carryout #ordertogo #pickup #freshseafood #srqfood #localfarmers #smallfarm pic.twitter.com/sgZmCHlEH6";;;#fishfry #patricks #spotlightsunday #sundayfunday #visitsarasota #mysarasota #destinationsarasota #downtown #hotspot #wheretoeat #restaurant #eatout #carryout #ordertogo #pickup #freshseafood #srqfood #localfarmers #smallfarm;"975454339123859456";https://twitter.com/Patricks1481/status/975454339123859456
InnaKuzmintseva;2018-03-18 15:15;0;0;"CLICK HERE http:// bit.ly/2GCdop8 #Pediatric health care alliance lithia fl. #Saint #patricks day nudes.";;;#Pediatric #Saint #patricks;"975390143329767427";https://twitter.com/InnaKuzmintseva/status/975390143329767427
bavest;2018-03-18 13:46;0;1;"I’m being a #tourist today watching the #St #Patricks #Day #Parade in #London pic.twitter.com/JwbOLTbzIK";;;#tourist #St #Patricks #Day #Parade #London;"975367864566910977";https://twitter.com/bavest/status/975367864566910977
Patricks1481;2018-03-18 13:45;0;0;"Kick-Off your week with Sunday Brunch at Patrick's! . . . . . #yum #eggsbenedict #patricks #brunch #breakfast #outdoordining #eatout #sarasota #bradenton #downtownsarasota #destination #springtraining #florida #sarasotacondos #tampayachtsales #southflorida #centralflorida pic.twitter.com/BKYLjwlPHI";;;#yum #eggsbenedict #patricks #brunch #breakfast #outdoordining #eatout #sarasota #bradenton #downtownsarasota #destination #springtraining #florida #sarasotacondos #tampayachtsales #southflorida #centralflorida;"975367486077009920";https://twitter.com/Patricks1481/status/975367486077009920
Receptio_In;2018-03-18 11:25;0;0;"Happy Happy St Patrick's Day! #patricks #st #irish #luck https://www. instagram.com/p/Bgdnqlyhqu9/";;;#patricks #st #irish #luck;"975332360932745216";https://twitter.com/Receptio_In/status/975332360932745216
breaking_news88;2018-03-18 09:17;0;0;"#Mark #Hamill had more #Fun than anyone on #St . Patrick's D... - https:// wp.me/p8XyML-lXB - #Patricks pic.twitter.com/VjAbmlwDl0";;;#Mark #Hamill #Fun #St #Patricks;"975300236359979009";https://twitter.com/breaking_news88/status/975300236359979009
Giirantu;2018-03-18 04:58;0;2;"Green day... blue day .... 73/365 .... . . . . #saint #patricks #green #nature #ink #tinta #sketch #sketchbook #sketchaday #daily #artwork #art #draw #drawing #dibujo #trazo #pencil #lapiz #instaart #365days #365rounds #365challenge #365project pic.twitter.com/5xaIGED1I8";;;#saint #patricks #green #nature #ink #tinta #sketch #sketchbook #sketchaday #daily #artwork #art #draw #drawing #dibujo #trazo #pencil #lapiz #instaart #365days #365rounds #365challenge #365project;"975235062949085184";https://twitter.com/Giirantu/status/975235062949085184
Shopall3;2018-03-18 03:38;0;0;"New #York #Firefighters #Give a #St . Patrick's #Day #Goodbye ... - http:// bit.ly/2HHAjOR - #News #Patricks pic.twitter.com/8CHn4blImn";;;#York #Firefighters #Give #St #Day #Goodbye #News #Patricks;"975214934211682305";https://twitter.com/Shopall3/status/975214934211682305
TheCodyCrump;2018-03-18 03:14;0;0;"happy st. patrick’s day #day #patricks #st #happy @Dublin, Ireland https://www. instagram.com/p/BgcvgrejIHp/";;@Dublin;#day #patricks #st #happy;"975208881306656771";https://twitter.com/TheCodyCrump/status/975208881306656771
slicknick52;2018-03-18 00:49;0;1;"I trust you wore your #St . #Patricks tie, right?";;;#St #Patricks;"975172322226245632";https://twitter.com/slicknick52/status/975172322226245632
XyttoXBL;2018-03-18 00:32;1;1;"Had a great St. #Patricks day #Morning & #Afternoon Stream, ended up pulling through with 10 Squad Wins before we ended it! Thanks to everybody who tuned in ! Possible night stream tonight I will let you guys now! Also back up to 7 Subscribers! #LetsGetIt";;;#Patricks #Morning #Afternoon #LetsGetIt;"975168042933002240";https://twitter.com/XyttoXBL/status/975168042933002240
At_The_Hive;2018-03-17 23:35;0;0;"Happy #St . #Patricks #Day . @nickdenning here to take you through tonight's Saturday matchup between the Hornets and Knicks";;@nickdenning;#St #Patricks #Day;"975153691820003336";https://twitter.com/At_The_Hive/status/975153691820003336
BelkaUa1;2018-03-17 23:11;0;1;"Happy St. Patrick's Day #stpatricks #Patricks #leprechaunhat #rainbow #greenhat #lucky #luckycharms #irish #gifts #children #decorations #family #KissMeImIrish #babylove #celebration #patricksday #smile #friends #shamrock #ornament #stpatricksday #babyshower #favours #clover pic.twitter.com/oZPOr3DpLy";;;#stpatricks #Patricks #leprechaunhat #rainbow #greenhat #lucky #luckycharms #irish #gifts #children #decorations #family #KissMeImIrish #babylove #celebration #patricksday #smile #friends #shamrock #ornament #stpatricksday #babyshower #favours #clover;"975147757697748992";https://twitter.com/BelkaUa1/status/975147757697748992
NetMarketZine;2018-03-17 21:25;0;0;"#Green #Glitter #Lips #Kiss Me I Am #Irish St #Patricks Day #Shirt [Flickr] https:// goo.gl/fb/QpRWkD http:// CurationClub.com";;;#Green #Glitter #Lips #Kiss #Irish #Patricks #Shirt;"975120928957906944";https://twitter.com/NetMarketZine/status/975120928957906944
2REALLCSC;2018-03-17 21:20;0;0;"#StPatricksDay #Kush #Patricks Day Mane! #CleverFellaMoneyGang #AllBossCashMafia #2REALL #Mr214 … https://www. instagram.com/p/BgcG785gYPZ/";;;#StPatricksDay #Kush #Patricks #CleverFellaMoneyGang #AllBossCashMafia #2REALL #Mr214;"975119665746857984";https://twitter.com/2REALLCSC/status/975119665746857984
wwday3;2018-03-17 21:19;0;0;"#Green #Glitter #Lips #Kiss Me I Am #Irish St #Patricks Day #Shirt [Flickr] https:// goo.gl/fb/zUdCLQ";;;#Green #Glitter #Lips #Kiss #Irish #Patricks #Shirt;"975119557256867840";https://twitter.com/wwday3/status/975119557256867840
Orange_Lantern;2018-03-17 21:00;0;2;"#ST . #Patricks #Hockey #Night 7pm #Bruins vs #Lightning 7pm #Canadiens vs #Mapleleafs 7pm #Flyers vs #Hurricanes 7pm #Senators vs #BlueJackets 8pm #Rangers vs #Blues 9pm #Wild vs #Coyotes 10pm #Sharks vs #Canucks pic.twitter.com/kITxC8NyxU";;;#ST #Patricks #Hockey #Night #Bruins #Lightning #Canadiens #Mapleleafs #Flyers #Hurricanes #Senators #BlueJackets #Rangers #Blues #Wild #Coyotes #Sharks #Canucks;"975114693462327297";https://twitter.com/Orange_Lantern/status/975114693462327297
babiesfebles;2018-03-17 20:41;0;0;"happy saint patrick's day #patricks #stpatricksday #stpatricksday2018 #happystpatricksday … https://www. instagram.com/p/BgcCfKNn-f2/";;;#patricks #stpatricksday #stpatricksday2018 #happystpatricksday;"975109879563259905";https://twitter.com/babiesfebles/status/975109879563259905
Shopall3;2018-03-17 20:40;0;0;"#Leprechaun #Returns #Trailer #Arrives for #St . Patrick's #Da ... - https:// wp.me/p8IUfw-9FZ - #Latest_Movies #Patricks pic.twitter.com/byiy4vAvjr";;;#Leprechaun #Returns #Trailer #Arrives #St #Da #Latest_Movies #Patricks;"975109632120311809";https://twitter.com/Shopall3/status/975109632120311809
babiesfebles;2018-03-17 20:38;0;0;"happy saint patrick's day #patricks #stpatricksday #stpatricksday2018 #happystpatricksday … https://www. instagram.com/p/BgcCHiPnSBJ/";;;#patricks #stpatricksday #stpatricksday2018 #happystpatricksday;"975109072113500160";https://twitter.com/babiesfebles/status/975109072113500160
Shopall3;2018-03-17 20:27;0;0;"#St . Patrick's #Day 2018: #Reese #Witherspoon , #Mark #Hamill and #Kate #Walsh #Celebrate - http:// bit.ly/2HEqamf - #Entertainment #News #Patricks pic.twitter.com/PififxvvOu";;;#St #Day #Reese #Witherspoon #Mark #Hamill #Kate #Walsh #Celebrate #Entertainment #News #Patricks;"975106295761076231";https://twitter.com/Shopall3/status/975106295761076231
Shopall3;2018-03-17 20:12;0;0;"#Chicago #River #Dyed #Green for #St . Patrick's #Day - http:// bit.ly/2HGvipQ - #News #Patricks #Us pic.twitter.com/AedFqOj5EG";;;#Chicago #River #Dyed #Green #St #Day #News #Patricks #Us;"975102703813713923";https://twitter.com/Shopall3/status/975102703813713923
Shopall3;2018-03-17 20:12;0;0;"#Chicago #River #Dyed #Green for #St . Patrick's #Day - http:// bit.ly/2HGvipQ - #News #Patricks #Us pic.twitter.com/24KfD414GK";;;#Chicago #River #Dyed #Green #St #Day #News #Patricks #Us;"975102700592517121";https://twitter.com/Shopall3/status/975102700592517121
Shopall3;2018-03-17 20:11;0;0;"#Chicago #River #Dyed #Green for #St . Patrick's #Day - https:// wp.me/p8I90K-kIX - #Patricks #Topstories pic.twitter.com/YBm9PRCPEj";;;#Chicago #River #Dyed #Green #St #Day #Patricks #Topstories;"975102391103250435";https://twitter.com/Shopall3/status/975102391103250435
GermanLhasaApso;2018-03-17 20:10;0;0;"Happy St. Patrick's Day 2018! #GoogleDoodle #Google #Doodle #GoogleDoodles #Happy #St #Patrick #Patricks #Day #2O18 #2k18 #StPatrick #SaintPatrick @Google @GoogleDoodles @StPatrick @SaintPatrick https:// g.co/doodle/nkds3y";;@Google @GoogleDoodles @StPatrick @SaintPatrick;#GoogleDoodle #Google #Doodle #GoogleDoodles #Happy #St #Patrick #Patricks #Day #2O18 #2k18 #StPatrick #SaintPatrick;"975102217006051328";https://twitter.com/GermanLhasaApso/status/975102217006051328
50wordsongrey;2018-03-17 19:45;0;2;"Happy #saint #patricks day. By @alissecourter . | Tag us and use " #50words " for a regram |… https://www. instagram.com/p/Bgb8G6DB8Aj/";;@alissecourter;#saint #patricks #50words;"975095853240156160";https://twitter.com/50wordsongrey/status/975095853240156160
Shopall3;2018-03-17 19:14;0;0;"#St . Patrick's #Day 2018: #Reese #Witherspoon , #Mark #Hamill ... - https:// wp.me/p8I90K-kIN - #Patricks #Topstories pic.twitter.com/w18TdZEdRG";;;#St #Day #Reese #Witherspoon #Mark #Hamill #Patricks #Topstories;"975087891390099456";https://twitter.com/Shopall3/status/975087891390099456
mindsetpro;2018-03-17 19:01;0;1;"Happy St. Patrick's Day!! #stpatricksday #stpattysday #2018 #saint #patricks #day #st … https://www. instagram.com/p/Bgb29RKFzwS/";;;#stpatricksday #stpattysday #2018 #saint #patricks #day #st;"975084656117809152";https://twitter.com/mindsetpro/status/975084656117809152
Patricks1481;2018-03-17 19:00;0;1;"For 32 year's Sarasota's St. Patty's Day Tradition! Come help us celebrate #stpattys #patricks #downtownsarasota #greatfood #green #celebrate #cornedbeef #cabbage #sliders #fun #goodtimes #goodfriends #bestbar #bestmenu pic.twitter.com/0jqFozmWs6";;;#stpattys #patricks #downtownsarasota #greatfood #green #celebrate #cornedbeef #cabbage #sliders #fun #goodtimes #goodfriends #bestbar #bestmenu;"975084418384760832";https://twitter.com/Patricks1481/status/975084418384760832
baristabikeie;2018-03-17 18:31;1;3;"If you missed that #incredible #ride last year... have a look! @baristabikeie at #st #patricks #parade in #DublinTown !! #dublin #mainparade #StPatricksDay #cycling #together #coffee #Donuts Hire for #wedding , #corporateevents , #privateparties pic.twitter.com/CZaTDP8gK9";;@baristabikeie;#incredible #ride #st #patricks #parade #DublinTown #dublin #mainparade #StPatricksDay #cycling #together #coffee #Donuts #wedding #corporateevents #privateparties;"975077105284284416";https://twitter.com/baristabikeie/status/975077105284284416
breaking_news88;2018-03-17 18:26;0;0;"#Celebrate #St . Patrick's #Day with #Beautiful #Photos of #Ir ... - https:// wp.me/p8XyML-lVH - #Patricks #Travel pic.twitter.com/RJa8h2J9tm";;;#Celebrate #St #Day #Beautiful #Photos #Ir #Patricks #Travel;"975075992913043457";https://twitter.com/breaking_news88/status/975075992913043457
Patricks1481;2018-03-17 17:00;0;0;"Who's ready for the Feast of Saint Patrick's Day at Patrick's 1481? . . . #socialsaturday #shoutoutsaturday #saturdayspecial #shamrock #leprechaun #green #ireland #irish #clover #parade #stpattys #patricks #downtownsarasota pic.twitter.com/41QMKbnuI2";;;#socialsaturday #shoutoutsaturday #saturdayspecial #shamrock #leprechaun #green #ireland #irish #clover #parade #stpattys #patricks #downtownsarasota;"975054215793053697";https://twitter.com/Patricks1481/status/975054215793053697
UK48PM;2018-03-17 16:56;0;0;"#Star Wars actor Mark Hammill leads St #PatrickS actor Mark Hammill leads St Patrick's #DayS actor Mark Hammill leads St #PatrickS actor Mark Hammill leads St Patrick's Day in raucous Dublin as country's around the world illuminate famous landmarks gre... http:// 48.pm/i3hfVu0";;;#Star #PatrickS #DayS #PatrickS;"975053278647111680";https://twitter.com/UK48PM/status/975053278647111680
phillyjesus;2018-03-17 15:58;0;1;"http://www. needGod.com HAPPY SAiNT PATRiCK'S DAY FROM YOURS TRULY - (1 Corinthians 12:12) For as the body is one and has many members, but all the members of that one body, being many, are one body, so also is Christ #phillyjesus #pj #loves #saint #patricks #day pic.twitter.com/hYa995fQAk";;;#phillyjesus #pj #loves #saint #patricks #day;"975038650625994752";https://twitter.com/phillyjesus/status/975038650625994752
Shopall3;2018-03-17 15:55;0;0;"#Happy #St Patrick’s #Day ! #America #Braces for a #Multibilli ... - https:// goo.gl/7d1MDb - #Finance #Patricks pic.twitter.com/Mt7ueMAWCC";;;#Happy #St #Day #America #Braces #Multibilli #Finance #Patricks;"975037879213846528";https://twitter.com/Shopall3/status/975037879213846528
metalamerica01;2018-03-17 15:29;0;0;"https:// youtu.be/AGaSgVRuR40 Saint Patrick's Day Parade #Pattaya #Thailand #Saint #Patricks #Day #Parade #travel";;;#Pattaya #Thailand #Saint #Patricks #Day #Parade #travel;"975031257712148481";https://twitter.com/metalamerica01/status/975031257712148481
SrqDowntown;2018-03-17 15:15;0;3;"Happy St. Patrick's Day! Come celebrate at Patrick's 1481 Main Street, Downtown Sarasota! A Sarasota tradition for over 32 years #shamrock #leprechaun #green #ireland #irish #patricks #downtownsarasota #sarasota #celebrate #bestirishfood #bestfood #bestbar #clover #stpattys pic.twitter.com/41VZxZ7jRE";;;#shamrock #leprechaun #green #ireland #irish #patricks #downtownsarasota #sarasota #celebrate #bestirishfood #bestfood #bestbar #clover #stpattys;"975027851534782464";https://twitter.com/SrqDowntown/status/975027851534782464
Patricks1481;2018-03-17 15:07;0;1;"Happy St. Patrick's Day Come help us celebrate! . . . #shamrock #leprechaun #green #ireland #irish #patricks #downtownsarasota #sarasota #celebrate #bestirishfood #bestfood #bestbar #clover #stpattys #locals #sarasotatradition #tradition #srqfoodie #eatout #srqeatout pic.twitter.com/jLr8Ah3mHu";;;#shamrock #leprechaun #green #ireland #irish #patricks #downtownsarasota #sarasota #celebrate #bestirishfood #bestfood #bestbar #clover #stpattys #locals #sarasotatradition #tradition #srqfoodie #eatout #srqeatout;"975025870846021632";https://twitter.com/Patricks1481/status/975025870846021632
teamlorrainem;2018-03-17 15:03;1;1;"Happy St #Patricks Day to everyone here in Ireland and all over the world I am so proud to be #Irish today Thank God for our great country and everyone home and abroad Hope everyone has a magnificent and very special Day @#teamlorrainem pic.twitter.com/IiwMYGvWJ8";;@;#Patricks #Irish #teamlorrainem;"975024944814940161";https://twitter.com/teamlorrainem/status/975024944814940161
ReflectnReview;2018-03-17 15:01;0;0;"Celebrate in style! #stpatricksday #saint #patricks #day #celebrate pic.twitter.com/CZOfFgklV2";;;#stpatricksday #saint #patricks #day #celebrate;"975024332681355265";https://twitter.com/ReflectnReview/status/975024332681355265
bbq_lovers;2018-03-17 14:52;0;0;"Looking for a St. #Patricks Day #recipe for Corned #beef ? #bbqpitboys https:// youtu.be/rExZ1OzLIDY via @YouTube";;@YouTube;#Patricks #recipe #beef #bbqpitboys;"975022039474974721";https://twitter.com/bbq_lovers/status/975022039474974721
Shopall3;2018-03-17 14:50;0;0;"5 things NOT to say to an #Irish #Person on #St . Patrick’s... - https:// goo.gl/graAuf - #Finance #Patricks pic.twitter.com/AzUcdLo4iJ";;;#Irish #Person #St #Finance #Patricks;"975021507385679873";https://twitter.com/Shopall3/status/975021507385679873
SoCalBreezeHVAC;2018-03-17 14:50;0;0;"Happy Saint Patrick's Day! Celebrate with 50% off our maintenance. Call 1-877-827-3393 #saint #patricks #AirConditioning pic.twitter.com/oXzCZ3YOv3";;;#saint #patricks #AirConditioning;"975021483641790464";https://twitter.com/SoCalBreezeHVAC/status/975021483641790464
SoCalBreezeHVAC;2018-03-17 14:30;0;0;"Happy Saint Patrick's Day! Celebrate with 50% off our maintenance. Call 1-877-827-3393 #saint #patricks #AirConditioning pic.twitter.com/RaqENudpdw";;;#saint #patricks #AirConditioning;"975016519192252416";https://twitter.com/SoCalBreezeHVAC/status/975016519192252416
scarheal;2018-03-17 14:02;0;0;"Happy Saint Patrick's Day! #Rejuvaskin #scar #heal #healthy #skin #saint #patricks #day pic.twitter.com/CHXfEpMwps";;;#Rejuvaskin #scar #heal #healthy #skin #saint #patricks #day;"975009441484627969";https://twitter.com/scarheal/status/975009441484627969
SoCalBreezeHVAC;2018-03-17 14:00;0;0;"Happy Saint Patrick's Day! Celebrate with 50% off our maintenance. Call 1-877-827-3393 #saint #patricks #AirConditioning pic.twitter.com/SB6aMdY6WN";;;#saint #patricks #AirConditioning;"975009020762312704";https://twitter.com/SoCalBreezeHVAC/status/975009020762312704
SoundTrainingOL;2018-03-17 13:00;1;0;"Tonight! #Dublin #Gig #Guide It's #St #Patricks #Day check out the link for a full list of what's on where! https:// goo.gl/FRavJk #StPaddysDay #PaddysDay #Snakes #Patrick pic.twitter.com/f02Y4ZnRF6";;;#Dublin #Gig #Guide #St #Patricks #Day #StPaddysDay #PaddysDay #Snakes #Patrick;"974993758637961217";https://twitter.com/SoundTrainingOL/status/974993758637961217
MBRT_DC;2018-03-17 12:41;0;0;"#MinorityBusinessRoundTable : St. #Patricks #Day - According to the National Retail Federation, projected... https:// fb.me/1CyciUU97";;;#MinorityBusinessRoundTable #Patricks #Day;"974989061051084800";https://twitter.com/MBRT_DC/status/974989061051084800
lmallc;2018-03-17 12:33;0;1;"#LMALLC : St. #Patricks #Day - According to the National Retail Federation, projected spending for today could... https:// fb.me/7uXfiWh2w";;;#LMALLC #Patricks #Day;"974987099530285056";https://twitter.com/lmallc/status/974987099530285056
WobblySword;2018-03-17 12:18;1;0;"Happy St Patrick's Day #patrick #patricks #patricksday #love #day #photooftheday #style #bts #streetphotography #streetwear #stpatricksday #streetstyle #street #HappyStPatricksDay #StPatricksDay2018 #IrishPride #HappyStPatricksDay2018 #HappyStPatricks #StPatricksFest pic.twitter.com/kwGMfwP0E3";;;#patrick #patricks #patricksday #love #day #photooftheday #style #bts #streetphotography #streetwear #stpatricksday #streetstyle #street #HappyStPatricksDay #StPatricksDay2018 #IrishPride #HappyStPatricksDay2018 #HappyStPatricks #StPatricksFest;"974983198567534597";https://twitter.com/WobblySword/status/974983198567534597
CakeHeaven_Rach;2018-03-17 12:13;2;1;"To all my Irish Family and Friends, #Happy #Saint #Patricks #Day A good laugh and a long sleep are the two best cures for anything - #Irish #Proverb pic.twitter.com/aMvBghXwxG";;;#Happy #Saint #Patricks #Day #Irish #Proverb;"974981931405381633";https://twitter.com/CakeHeaven_Rach/status/974981931405381633
HydeKensington;2018-03-17 12:06;0;2;"#happy #st #patricks #day Join us #tonight to #eat #drink #dance .For #table or #guestlist contact info@hydekensington.co.uk 0207 368-6677 pic.twitter.com/kv14cBj3zx";;@hydekensington;#happy #st #patricks #day #tonight #eat #drink #dance #table #guestlist;"974980185895460864";https://twitter.com/HydeKensington/status/974980185895460864
Rise4War;2018-03-17 11:00;0;0;"HAPPY #ST #PATRICKS #DAY #WARRIORS ! Check Out The Ultimate Vegan Shamrock Shake! This dairy-free St. Patrick's day dessert is easy to make! #RISE4WAR #Wellness #Awareness #Recovery @RISE4WAR https:// twitter.com/messages/compo se?recipient_id=88516057 … pic.twitter.com/OqRith0dBB";;@RISE4WAR;#ST #PATRICKS #DAY #WARRIORS #RISE4WAR #Wellness #Awareness #Recovery;"974963565647089665";https://twitter.com/Rise4War/status/974963565647089665
colourinmyworld;2018-03-17 10:20;0;1;"Put on your #greens today & have a happy #St #Patricks #Day everyone. https://www. youtube.com/watch?v=u7zpjh C2TSo … https:// fb.me/1H6uW30xV";;;#greens #St #Patricks #Day;"974953641982464000";https://twitter.com/colourinmyworld/status/974953641982464000
interelectrical;2018-03-17 09:45;0;0;"Happy #St #Patricks #Day from everyone at The #Internet #Retailer ! We hope you all have a great day, where ever... https:// fb.me/7bSejgMHn";;;#St #Patricks #Day #Internet #Retailer;"974944721704538112";https://twitter.com/interelectrical/status/974944721704538112
interelectrical;2018-03-17 09:40;0;0;"Happy #St #Patricks #Day to all of our customers! If you're feeling #green today why not have a browse of our... https:// fb.me/1zHTVSeM0";;;#St #Patricks #Day #green;"974943626198478849";https://twitter.com/interelectrical/status/974943626198478849
Hempture;2018-03-17 09:33;7;9;"#Green is all you need! Happy St #Patricks Day everyone! #Irish and proud #ireland #hempture http://www. Hempture.ie/about pic.twitter.com/ASCCXH4MpN";;;#Green #Patricks #Irish #ireland #hempture;"974941767576506368";https://twitter.com/Hempture/status/974941767576506368
BuyTipp;2018-03-17 09:10;3;5;"#Happy St Patrick's #Day to all in #Tipperary . Stay #Local and #buy #Local this #Patricks Weekend. Support your #county and support your #country @ThurlesHour @ThurlesTown @RetailExIreland pic.twitter.com/6H5FaIA0Fe";;@ThurlesHour @ThurlesTown @RetailExIreland;#Happy #Day #Tipperary #Local #buy #Local #Patricks #county #country;"974935883240689664";https://twitter.com/BuyTipp/status/974935883240689664
ILoveCHulme;2018-03-17 08:40;2;0;"HAPPY ST. #PATRICKS #DAY ! Join @DeVereVillage this evening for their #Irish #Night . Ticket includes a 3-course meal, #Irish #Music , #DJ , #private #bar and #disco ! Book your tickets here: http:// ow.ly/s5kC30iZzDf pic.twitter.com/ATA4HWdP6C";;@DeVereVillage;#PATRICKS #DAY #Irish #Night #Irish #Music #DJ #private #bar #disco;"974928344071528448";https://twitter.com/ILoveCHulme/status/974928344071528448
DazInTheHat;2018-03-17 05:30;1;1;"7:30pm St #Patricks Day Bash at #Exchange Ale House #Bradford #livemusic from Michael #O 'Rea, Stewart #Appleyard , Carla #Walkersmith & Young #Lily @ExchangeAle @BradfordChatter @Bradford_Gigs @Bradford_Live @BradfordBrewery";;@ExchangeAle @BradfordChatter @Bradford_Gigs @Bradford_Live @BradfordBrewery;#Patricks #Exchange #Bradford #livemusic #O #Appleyard #Walkersmith #Lily;"974880539353210881";https://twitter.com/DazInTheHat/status/974880539353210881
SheetalPatel17;2018-03-16 23:20;1;2;"When #Mitch takes #Patricks money from poor Ted #EastEnders pic.twitter.com/7mlvHP0fNq";;;#Mitch #Patricks #EastEnders;"974787595174600704";https://twitter.com/SheetalPatel17/status/974787595174600704
VarsityOnK;2018-03-16 21:51;0;0;"Saint Patrick’s Day Is Coming Up! Let us know some of your plans for this weekend! Don’t forget to stop by Varsity on K for a little luck! Don’t forget to wear green! #green #saint #patricks #day pic.twitter.com/fTRz9LWLJp";;;#green #saint #patricks #day;"974765199742918657";https://twitter.com/VarsityOnK/status/974765199742918657
TheJesterNJ;2018-03-16 20:16;0;0;"Last night #fundraiser #wwf #wentgreat GET READY FOR #saint #patricks day!!! $3.99 #cornedbeef and #cabbage pic.twitter.com/txF0jmfNaq";;;#fundraiser #wwf #wentgreat #saint #patricks #cornedbeef #cabbage;"974741292038131712";https://twitter.com/TheJesterNJ/status/974741292038131712
ILoveCHulme;2018-03-16 19:35;0;0;"Join @DeVereVillage tomorrow to #celebrate St. #Patricks #Day with a fabulous 3 course #meal , #private #bar , #DJ , #traditional #Irish #music and #Disco . For more info: http:// ow.ly/Zm4630iZza1 pic.twitter.com/MLCHXJII4w";;@DeVereVillage;#celebrate #Patricks #Day #meal #private #bar #DJ #traditional #Irish #music #Disco;"974730789110808583";https://twitter.com/ILoveCHulme/status/974730789110808583
scarheal;2018-03-16 16:43;0;0;"Have you got something green to wear tomorrow? #Rejuvaskin #skincare #silicone #scar #cream #gel #saint #patricks #healthy #skin pic.twitter.com/3wm0JWrJA2";;;#Rejuvaskin #skincare #silicone #scar #cream #gel #saint #patricks #healthy #skin;"974687507341303808";https://twitter.com/scarheal/status/974687507341303808
SLSStore;2018-03-16 15:05;0;1;"Need Some Green Lights For St. Patrick's Day? Give Us A Call! 954-761-8585 Or Stop In To See Us! 5750 Powerline Road, Ft. Lauderdale FL 33309. #green #lights #Saint #Patties #Patricks #Day #Fogger #Haze #fluid #DJ #equipment #LED #wash #laser #beam #soundandlightingsolutions pic.twitter.com/LSK8GGlWw9";;;#green #lights #Saint #Patties #Patricks #Day #Fogger #Haze #fluid #DJ #equipment #LED #wash #laser #beam #soundandlightingsolutions;"974662850412253184";https://twitter.com/SLSStore/status/974662850412253184
PaulLyndebook;2018-03-16 14:40;0;7;"Enjoy tomorrow #everyone is #Irish on #st . #patricks #day from #the #hooded #claw (dressed in green) #voiced by #paullynde pic.twitter.com/jYGJFUrucV";;;#everyone #Irish #st #patricks #day #the #hooded #claw #voiced #paullynde;"974656758248558602";https://twitter.com/PaulLyndebook/status/974656758248558602
SLSStore;2018-03-15 16:05;0;0;"Need Some Green Lights For St. Patrick's Day? Give Us A Call! 954-761-8585 Or Stop In To See Us! 5750 Powerline Road, Ft. Lauderdale FL 33309. #green #lights #Saint #Patties #Patricks #Day #Fogger #Haze #fluid #DJ #equipment #LED #wash #laser #beam #soundandlightingsolutions pic.twitter.com/wD9PnGoHoH";;;#green #lights #Saint #Patties #Patricks #Day #Fogger #Haze #fluid #DJ #equipment #LED #wash #laser #beam #soundandlightingsolutions;"974315585378095104";https://twitter.com/SLSStore/status/974315585378095104
bestway2bet;2018-03-15 15:45;0;0;"#ST #PATRICKS DAY AT #CHELTENHAM HOT #RACING #TIPS BY BETTY TIPS HERE AT BESTBET4U = http:// ow.ly/15PJ30iW9Uh pic.twitter.com/JNc2KxehrC";;;#ST #PATRICKS #CHELTENHAM #RACING #TIPS;"974310574405423105";https://twitter.com/bestway2bet/status/974310574405423105
manutdclubchat;2018-03-15 15:45;0;0;"#ST #PATRICKS DAY AT #CHELTENHAM HOT #RACING #TIPS BY BETTY TIPS HERE AT BESTBET4U = http:// ow.ly/15PJ30iW9Uh pic.twitter.com/ztHsk9WoGS";;;#ST #PATRICKS #CHELTENHAM #RACING #TIPS;"974310535066980352";https://twitter.com/manutdclubchat/status/974310535066980352
topturngaming;2018-03-15 15:45;0;0;"#ST #PATRICKS DAY AT #CHELTENHAM HOT #RACING #TIPS BY BETTY TIPS HERE AT BESTBET4U = http:// ow.ly/15PJ30iW9Uh pic.twitter.com/QtJcyN2sRV";;;#ST #PATRICKS #CHELTENHAM #RACING #TIPS;"974310534119149568";https://twitter.com/topturngaming/status/974310534119149568
topturnbets;2018-03-15 15:45;0;0;"#ST #PATRICKS DAY AT #CHELTENHAM HOT #RACING #TIPS BY BETTY TIPS HERE AT BESTBET4U = http:// ow.ly/15PJ30iW9Uh pic.twitter.com/woBUeuzPX9";;;#ST #PATRICKS #CHELTENHAM #RACING #TIPS;"974310533850697728";https://twitter.com/topturnbets/status/974310533850697728
arsenalclubchat;2018-03-15 15:45;0;0;"#ST #PATRICKS DAY AT #CHELTENHAM HOT #RACING #TIPS BY BETTY TIPS HERE AT BESTBET4U = http:// ow.ly/15PJ30iW9Uh pic.twitter.com/T2UntQLnCj";;;#ST #PATRICKS #CHELTENHAM #RACING #TIPS;"974310533653549056";https://twitter.com/arsenalclubchat/status/974310533653549056
scarheal;2018-03-15 15:33;0;0;"Our eye cream is basically a pot of gold. #Rejuvaskin #eye #cream #skincare #saint #patricks #day #healthy #skin pic.twitter.com/SC3bS7nFs4";;;#Rejuvaskin #eye #cream #skincare #saint #patricks #day #healthy #skin;"974307516615184384";https://twitter.com/scarheal/status/974307516615184384
Bar_Rumba;2018-03-15 14:13;0;0;"#Enjoy the #luck of the #Irish at #Bar #Rumba on #Friday 16th- #Saturday17th and #Sunday #18th #March for one of the #biggest St #Patricks #Parties to #hit #London 's #West #End ! #StPatricksDay #party #weekender #Irish #clubbing #Beers #speciloffer #bestclub pic.twitter.com/VKsr7Of9Tu";;;#Enjoy #luck #Irish #Bar #Rumba #Friday #Saturday17th #Sunday #18th #March #biggest #Patricks #Parties #hit #London #West #End #StPatricksDay #party #weekender #Irish #clubbing #Beers #speciloffer #bestclub;"974287438339330049";https://twitter.com/Bar_Rumba/status/974287438339330049
TheWhiskyCellar;2018-03-15 14:07;1;1;"It's nearly Saint Patrick's Day, time to get the Guinness poured! #patricks #day #celebrate #guinness #drinks #drinking #thursday #thirstythursday pic.twitter.com/BKj0BmxU4W";;;#patricks #day #celebrate #guinness #drinks #drinking #thursday #thirstythursday;"974285975437365250";https://twitter.com/TheWhiskyCellar/status/974285975437365250
b1rdyNumNumTw3t;2018-03-15 14:05;0;0;"Its thrusday you know what that means smash wrestling on hue fleece lined what what pantyhose #Patricks";;;#Patricks;"974285482640269312";https://twitter.com/b1rdyNumNumTw3t/status/974285482640269312
bestway2bet;2018-03-15 12:00;0;0;"#ST #PATRICKS DAY AT #CHELTENHAM HOT #RACING #TIPS BY BETTY TIPS HERE AT BESTBET4U . http:// ow.ly/15PJ30iW9Uh pic.twitter.com/MhpKcoXi5f";;;#ST #PATRICKS #CHELTENHAM #RACING #TIPS;"974253982507028480";https://twitter.com/bestway2bet/status/974253982507028480
manutdclubchat;2018-03-15 12:00;0;0;"#ST #PATRICKS DAY AT #CHELTENHAM HOT #RACING #TIPS BY BETTY TIPS HERE AT BESTBET4U . http:// ow.ly/15PJ30iW9Uh pic.twitter.com/jkQWOCmIKW";;;#ST #PATRICKS #CHELTENHAM #RACING #TIPS;"974253963251011585";https://twitter.com/manutdclubchat/status/974253963251011585
topturnbets;2018-03-15 12:00;0;0;"#ST #PATRICKS DAY AT #CHELTENHAM HOT #RACING #TIPS BY BETTY TIPS HERE AT BESTBET4U . http:// ow.ly/15PJ30iW9Uh pic.twitter.com/g1DwmwjcRg";;;#ST #PATRICKS #CHELTENHAM #RACING #TIPS;"974253961996795905";https://twitter.com/topturnbets/status/974253961996795905
arsenalclubchat;2018-03-15 12:00;0;0;"#ST #PATRICKS DAY AT #CHELTENHAM HOT #RACING #TIPS BY BETTY TIPS HERE AT BESTBET4U . http:// ow.ly/15PJ30iW9Uh pic.twitter.com/IoreZQByQo";;;#ST #PATRICKS #CHELTENHAM #RACING #TIPS;"974253960793088001";https://twitter.com/arsenalclubchat/status/974253960793088001
topturngaming;2018-03-15 12:00;0;0;"#ST #PATRICKS DAY AT #CHELTENHAM HOT #RACING #TIPS BY BETTY TIPS HERE AT BESTBET4U . http:// ow.ly/15PJ30iW9Uh pic.twitter.com/4oRWwxc4O2";;;#ST #PATRICKS #CHELTENHAM #RACING #TIPS;"974253960625315840";https://twitter.com/topturngaming/status/974253960625315840
bestway2bet;2018-03-15 09:40;0;0;"#ST #PATRICKS DAY AT #CHELTENHAM HOT #RACING #TIPS BY BETTY TIPS HERE AT BESTBET4U http:// ow.ly/15PJ30iW9Uh pic.twitter.com/BTFX1uYnVp";;;#ST #PATRICKS #CHELTENHAM #RACING #TIPS;"974218680484720640";https://twitter.com/bestway2bet/status/974218680484720640
topturngaming;2018-03-15 09:40;0;0;"#ST #PATRICKS DAY AT #CHELTENHAM HOT #RACING #TIPS BY BETTY TIPS HERE AT BESTBET4U http:// ow.ly/15PJ30iW9Uh pic.twitter.com/QFYs2c3imG";;;#ST #PATRICKS #CHELTENHAM #RACING #TIPS;"974218667528478720";https://twitter.com/topturngaming/status/974218667528478720
manutdclubchat;2018-03-15 09:40;0;0;"#ST #PATRICKS DAY AT #CHELTENHAM HOT #RACING #TIPS BY BETTY TIPS HERE AT BESTBET4U http:// ow.ly/15PJ30iW9Uh pic.twitter.com/oj3LHGLjS3";;;#ST #PATRICKS #CHELTENHAM #RACING #TIPS;"974218667474014208";https://twitter.com/manutdclubchat/status/974218667474014208
arsenalclubchat;2018-03-15 09:40;0;0;"#ST #PATRICKS DAY AT #CHELTENHAM HOT #RACING #TIPS BY BETTY TIPS HERE AT BESTBET4U http:// ow.ly/15PJ30iW9Uh pic.twitter.com/6SWbhtpPFQ";;;#ST #PATRICKS #CHELTENHAM #RACING #TIPS;"974218667318824960";https://twitter.com/arsenalclubchat/status/974218667318824960
topturnbets;2018-03-15 09:40;0;0;"#ST #PATRICKS DAY AT #CHELTENHAM HOT #RACING #TIPS BY BETTY TIPS HERE AT BESTBET4U http:// ow.ly/15PJ30iW9Uh pic.twitter.com/d3oxdf4JPi";;;#ST #PATRICKS #CHELTENHAM #RACING #TIPS;"974218667008380928";https://twitter.com/topturnbets/status/974218667008380928
wwday3;2018-03-14 19:26;0;0;"#Detroit #Irish #Drinking #Team T-Shirt St. Patrick's Day Tee [Flickr] https:// goo.gl/fb/q9STMY #patricks #tshirt";;;#Detroit #Irish #Drinking #Team #patricks #tshirt;"974003745121021953";https://twitter.com/wwday3/status/974003745121021953
TrampSirius;2018-03-14 15:35;0;0;"#gif @rowdy_3 / / "Fix everything" / / #DirkGently #ToddBrotzman #AmandaBrotzman #Estevez #PatrickS .. https:// vk.cc/7Pqjlj";;@rowdy_3;#gif #DirkGently #ToddBrotzman #AmandaBrotzman #Estevez #PatrickS;"973945601028247552";https://twitter.com/TrampSirius/status/973945601028247552
wwday3;2018-03-14 02:43;0;0;"St #Patricks Day #Novelty T-Shirt With #Irish #Shamrock #Boobs [Flickr] https:// goo.gl/fb/rVE8A5 #tshirt";;;#Patricks #Novelty #Irish #Shamrock #Boobs #tshirt;"973751563654230016";https://twitter.com/wwday3/status/973751563654230016
NetMarketZine;2018-03-14 02:24;0;0;"St #Patricks Day #Novelty T-Shirt With #Irish #Shamrock #Boobs [Flickr] https:// goo.gl/fb/n8HxPe http:// CurationClub.com";;;#Patricks #Novelty #Irish #Shamrock #Boobs;"973746684101611520";https://twitter.com/NetMarketZine/status/973746684101611520
food_cheers;2018-03-14 01:48;0;2;"Join 6 people right now at "10 Recipes For a St. Patricks Day Feast" #cheers #food #recipes #cooking #healthy -recipes #healthyrecipes #simplyrecipes #patricks #feast #best http:// cheers.ws/Z28HKp?utm_sou rce=dlvr.it&utm_medium=twitter … pic.twitter.com/lZCMcwzQHe";;;#cheers #food #recipes #cooking #healthy #healthyrecipes #simplyrecipes #patricks #feast #best;"973737711348547584";https://twitter.com/food_cheers/status/973737711348547584
wwday3;2018-03-14 00:26;0;0;"I'm #Magically #Delicious #Sexy #Adult St. #Patricks Day T-Shirt [Flickr] https:// goo.gl/fb/9fwr6b #tshirt";;;#Magically #Delicious #Sexy #Adult #Patricks #tshirt;"973716966916722694";https://twitter.com/wwday3/status/973716966916722694
NetMarketZine;2018-03-13 23:50;0;0;"I'm #Magically #Delicious #Sexy #Adult St. #Patricks Day T-Shirt [Flickr] https:// goo.gl/fb/BEmhKL http:// CurationClub.com";;;#Magically #Delicious #Sexy #Adult #Patricks;"973707968322658304";https://twitter.com/NetMarketZine/status/973707968322658304
jefferyblinca;2018-03-13 23:43;0;0;"#Kids #Leprechaun #Dabbing St. #Patricks Day #TShirt 4 #Kelly Green http:// rviv.ly/sJhb15";;;#Kids #Leprechaun #Dabbing #Patricks #TShirt #Kelly;"973706059771719682";https://twitter.com/jefferyblinca/status/973706059771719682
NetMarketZine;2018-03-13 22:10;0;0;"#Team #Ginger #Shirt #Funny St. Patrick's Day #Gift [Flickr] https:// goo.gl/fb/fZJZdZ http:// CurationClub.com #patricks";;;#Team #Ginger #Shirt #Funny #Gift #patricks;"973682858916237312";https://twitter.com/NetMarketZine/status/973682858916237312
wwday3;2018-03-13 22:05;0;0;"#Team #Ginger #Shirt #Funny St. Patrick's Day #Gift [Flickr] https:// goo.gl/fb/MuwF7W #patricks";;;#Team #Ginger #Shirt #Funny #Gift #patricks;"973681452285087746";https://twitter.com/wwday3/status/973681452285087746
Patricks1481;2018-03-13 19:44;1;2;"What a beautiful day! . . . . . #picoftheday #tuesdaytasting #patricks #sarasota #srq #foodie #bestbar #bestburger #tradition #localsfavorite #goodtimes #goodfriends #downtownsarasota pic.twitter.com/zCsDpiSFs2";;;#picoftheday #tuesdaytasting #patricks #sarasota #srq #foodie #bestbar #bestburger #tradition #localsfavorite #goodtimes #goodfriends #downtownsarasota;"973646111385759744";https://twitter.com/Patricks1481/status/973646111385759744
ComedyParenting;2018-03-13 19:00;0;0;"I uploaded a new episode, "Leprechaun Radio", on #spreaker #boston #celebration #day #funny #green #humor #ireland #lobster #parenting #patrick #patricks #pinch #podcast #radio #saint #shake #shamrock #theater #tsa https://www. spreaker.com/user/jerrybegl y/comedy-parenting-shamrock-show?autoplay=1 …";;;#spreaker #boston #celebration #day #funny #green #humor #ireland #lobster #parenting #patrick #patricks #pinch #podcast #radio #saint #shake #shamrock #theater #tsa;"973634856222633985";https://twitter.com/ComedyParenting/status/973634856222633985
scarheal;2018-03-13 14:16;0;0;"What a surprise at the end of the rainbow! #Rejuvaskin #ScarEsthetique #eye #cream #saint #patricks #day #healthy #skin pic.twitter.com/SQtcQ2YzAn";;;#Rejuvaskin #ScarEsthetique #eye #cream #saint #patricks #day #healthy #skin;"973563362545160193";https://twitter.com/scarheal/status/973563362545160193
TRNDlabs;2018-03-13 14:13;1;1;"Luck is coming your way! This St. #Patricks Day, we’re making you totally lucky with gifts for everyone! Stay tuned to our #newsletter on March 15th to take a #spin and try your #luck ! #paddysday #StPatrickDay #StPatricksDay2018 #stpatrick2018 #lottery #winforfree #raffle pic.twitter.com/MEux3bR6J2";;;#Patricks #newsletter #spin #luck #paddysday #StPatrickDay #StPatricksDay2018 #stpatrick2018 #lottery #winforfree #raffle;"973562597822943233";https://twitter.com/TRNDlabs/status/973562597822943233
etgspain;2018-03-13 11:22;0;0;"#Saint #Patricks Day will be celebrated on the Strip at #CaboRoig #OrihuelaCosta #CostaBlancaSouth on Saturday 17th March https://www. eurotourguide.com/en/costa-blanc a-south/events-calendar/cabo-roig-st-patricks-day …";;;#Saint #Patricks #CaboRoig #OrihuelaCosta #CostaBlancaSouth;"973519745784909825";https://twitter.com/etgspain/status/973519745784909825
hhnalin;2018-03-13 10:48;0;0;"has 16 recent sales on http:// Dreamstime.com https://www. dreamstime.com/royalty-free-s tock-images-st-patricks-day-border-frame-image8369179#res272639 … #Patricks #border #frame";;;#res272639 #Patricks #border #frame;"973511176964407296";https://twitter.com/hhnalin/status/973511176964407296
MartyMtweets;2018-03-13 07:03;1;0;"Morning!! Want €1000? Imagine! In time for #Patricks weekend! Check us out @radionova100 now so... #StPatricksDay https://www. nova.ie/radio-player/";;@radionova100;#Patricks #StPatricksDay;"973454391163400193";https://twitter.com/MartyMtweets/status/973454391163400193
bosslady7000;2018-03-13 03:27;0;0;"Just in time for St . #Patricks day! #KJTHEREALTOR #loveallholidays #inthekitchen https:// fb.me/9rBx1eRY5";;;#Patricks #KJTHEREALTOR #loveallholidays #inthekitchen;"973400221572050945";https://twitter.com/bosslady7000/status/973400221572050945
scarheal;2018-03-12 20:31;0;0;"Saint Patrick's Day is almost here. Are you feeling lucky? #Rejuvaskin #skincare #saint #patricks #day #lucky #Rejuvasil #silicone #scar #gel pic.twitter.com/pCcXRJbwVV";;;#Rejuvaskin #skincare #saint #patricks #day #lucky #Rejuvasil #silicone #scar #gel;"973295341784195073";https://twitter.com/scarheal/status/973295341784195073
Orange_Lantern;2018-03-12 19:45;0;0;"ST #Patricks Day! pic.twitter.com/kCgBPnKfrl";;;#Patricks;"973283780701061120";https://twitter.com/Orange_Lantern/status/973283780701061120
Thefirdaydeals;2018-03-12 15:08;0;0;"( #St #Patricks #Day#Parade #Outer #Banks ) http:// saintpatrickday.info/st-patricksday parade-outer-banks/ … pic.twitter.com/A10qtfyfap";;;#St #Patricks #Day #Parade #Outer #Banks;"973214173080436736";https://twitter.com/Thefirdaydeals/status/973214173080436736
alishaalyson;2018-03-11 23:39;0;3;"Suspicious... with good reason. #thecrew #kansascity #snakesaturday #patricks #kcmo #alishaalyson http:// ift.tt/2Il5Xms pic.twitter.com/dDR11VBism";;;#thecrew #kansascity #snakesaturday #patricks #kcmo #alishaalyson;"972980456386957313";https://twitter.com/alishaalyson/status/972980456386957313
baublology;2018-03-11 17:13;0;0;"RT MartiniMermaids: https://www. polyvore.com/dont_forget_to _wear_green......happy/set?id=236078989 … #saint #patricks #day #vintageshop #martinimermaid #etsy #smallbiz #jewelry UndelyingSimpli https:// twitter.com/UndelyingSimpl i/status/972877566104174592 … https://www. polyvore.com/dont_forget_to _wear_green......happy/set?id=236078989 … #saint #patricks #day #vintageshop #martinimermaid #etsy #smallbiz #jewelry — MartiniMerma…";;;#saint #patricks #day #vintageshop #martinimermaid #etsy #smallbiz #jewelry #saint #patricks #day #vintageshop #martinimermaid #etsy #smallbiz #jewelry;"972883134730657792";https://twitter.com/baublology/status/972883134730657792
MohaArar;2018-03-11 16:31;0;0;"#Happy St. Patrick's Day shirt Order here >> https:// goo.gl/aAdbfn #stpatricksday #stpaddyday #paddyday #paddy #day #Irish #Ireland #Shamrock #Green #StPatricksDay #Leprechaun #Clover #Beer #Patrick #Funny #Patricks #StPatrick #Luck #money pic.twitter.com/5f1ywu34Tc";;;#Happy #stpatricksday #stpaddyday #paddyday #paddy #day #Irish #Ireland #Shamrock #Green #StPatricksDay #Leprechaun #Clover #Beer #Patrick #Funny #Patricks #StPatrick #Luck #money;"972872599310098432";https://twitter.com/MohaArar/status/972872599310098432
JonesJessicab;2018-03-11 11:19;1;2;"If You're Not #Irish St #Patricks #day #shirts #forever 21 If #You #Want It #Get It #Here http:// bit.ly/2IhHYVp #DaylightSavings #SundayMorning #ChangeTwoLettersRuinAFilm #GarciaLipinets #SKBSNL #PresidentXiJinping #MannyRobles #WinterStormWatch #AtPennsylvania #love #girls pic.twitter.com/zo1S6l4ZAi";;;#Irish #Patricks #day #shirts #forever #You #Want #Get #Here #DaylightSavings #SundayMorning #ChangeTwoLettersRuinAFilm #GarciaLipinets #SKBSNL #PresidentXiJinping #MannyRobles #WinterStormWatch #AtPennsylvania #love #girls;"972794020379344896";https://twitter.com/JonesJessicab/status/972794020379344896
wwday3;2018-03-11 11:08;0;0;"69% #Irish #Funny St. Patrick's Day T-shirt [Flickr] https:// goo.gl/fb/23RENM #patricks #tshirt";;;#Irish #Funny #patricks #tshirt;"972791386146717697";https://twitter.com/wwday3/status/972791386146717697
NetMarketZine;2018-03-11 10:54;0;0;"69% #Irish #Funny St. Patrick's Day T-shirt [Flickr] https:// goo.gl/fb/EnUZ18 http:// CurationClub.com #patricks #tshirt";;;#Irish #Funny #patricks #tshirt;"972787734346477568";https://twitter.com/NetMarketZine/status/972787734346477568
CarAccessOM;2018-03-11 01:50;0;0;"St. Patrick's Day #Sale : FH #Group #F14403 #Carpet #Floor #Mats with #Heel Pad- Fit #Most Car, #Truck , Suv, or Van - http:// bit.ly/2p0PPyu . #Patricks pic.twitter.com/iByYMoVX9N";;;#Sale #Group #F14403 #Carpet #Floor #Mats #Heel #Most #Truck #Patricks;"972650902120263680";https://twitter.com/CarAccessOM/status/972650902120263680
Patricks1481;2018-03-10 17:00;0;0;"When you were told as a kid not to play with your food. Some rules were meant to be broken. The best three photos will #WIN a $50 gift certificate! Just hashtag #Patricks Patrick's Photobomb Contest ends March 31st! Located at 1481 Main Street #sarasota #contest pic.twitter.com/BZPcncZsST";;;#WIN #Patricks #sarasota #contest;"972517667868413952";https://twitter.com/Patricks1481/status/972517667868413952
phanduyson;2018-03-10 15:22;0;0;"CLARE ST PATRICKS DAY TEAM https:// goo.gl/bZmzdf #patricks #clare #team #SaturdayMorning #HOODIE pic.twitter.com/86TUgifFdd";;;#patricks #clare #team #SaturdayMorning #HOODIE;"972492885781344257";https://twitter.com/phanduyson/status/972492885781344257
food_cheers;2018-03-10 14:39;0;1;"Join 6 people right now at "Celebrate St Patricks Day at The Whisky Shop #SFO ! March 17th & 23rd, 2018 Irish Whiskey News" #cheers #food #recipes #cooking #drink #whiskey #whiskyintelligence #celebrate #patricks #whisky #irish #march #shop #news http:// cheers.ws/Z27BNL?utm_sou rce=dlvr.it&utm_medium=twitter … pic.twitter.com/g5kncW52E2";;;#SFO #cheers #food #recipes #cooking #drink #whiskey #whiskyintelligence #celebrate #patricks #whisky #irish #march #shop #news;"972481979550597120";https://twitter.com/food_cheers/status/972481979550597120
crafts_cheers;2018-03-10 01:54;0;0;"Join 7 people right now at "Free St Patricks Day Activity Sheets" #cheers #crafts #entertainment #craftgossip #kidscrafts #activity #patricks #sheets #free http:// cheers.ws/Z27thG?utm_sou rce=dlvr.it&utm_medium=twitter … pic.twitter.com/38RqUZ2G8j";;;#cheers #crafts #entertainment #craftgossip #kidscrafts #activity #patricks #sheets #free;"972289453073903617";https://twitter.com/crafts_cheers/status/972289453073903617
the_pink_room;2018-03-10 00:48;0;0;"Attention Customers for Union Store! Please be aware that Morris avenue will be closed tomorrow in observance of Saint Patrick's Day Parade. Please take route 22 to access the store. #saintpatricksday #trebol #patricks #parade #morrisave #unionnj #new jersey #pinkroom pic.twitter.com/fqkRjEyGlz";;;#saintpatricksday #trebol #patricks #parade #morrisave #unionnj #new #pinkroom;"972272869622321152";https://twitter.com/the_pink_room/status/972272869622321152
PlatformBistro;2018-03-09 19:39;0;0;"Any excuse to Party- it’s st #patricks #day on 17 March - get merry at the St Patrick’s Day Celebrations http:// ow.ly/t3dD30iRpW5";;;#patricks #day;"972195168454692866";https://twitter.com/PlatformBistro/status/972195168454692866
themayancacaoCo;2018-03-09 17:46;1;2;"Come to cozumel & enjoy with a chocolate margarita in the mayan cacao & the st. patricks day #StPatricksDay2018 #patrick 's #patricks #party #chocolate #margarita #daikiri #travel #fun #yeah pic.twitter.com/Y6Y0ls8QPI";;;#StPatricksDay2018 #patrick #patricks #party #chocolate #margarita #daikiri #travel #fun #yeah;"972166831766163456";https://twitter.com/themayancacaoCo/status/972166831766163456
sales_cheers;2018-03-09 12:21;0;0;"Join 10 people right now at "Matthew Clark Helps Licensees Drive Sales this St Patricks Day Irish Whiskey News" #cheers #shopping #deals #bargains #sales #drink #whiskey #food #whiskyintelligence #licensees #patricks #matthew #drive #irish #helps #clark … http:// cheers.ws/Z27dWq?utm_sou rce=dlvr.it&utm_medium=twitter … pic.twitter.com/PlkNvjLCFe";;;#cheers #shopping #deals #bargains #sales #drink #whiskey #food #whiskyintelligence #licensees #patricks #matthew #drive #irish #helps #clark;"972084854799056896";https://twitter.com/sales_cheers/status/972084854799056896
wwday3;2018-03-09 10:09;0;0;"Let's Get #Lucked Up St. Patrick's Day T-Shirt Men, #Women [Flickr] https:// goo.gl/fb/PYcRka #lets #patricks #tshirt";;;#Lucked #Women #lets #patricks #tshirt;"972051730929201152";https://twitter.com/wwday3/status/972051730929201152
Patricks1481;2018-03-08 16:32;0;0;"Gameday at Ed Smith Stadium! Let's go Baltimore Orioles We're thrilled to be in the center of all the excitement later on when the fans all meet up! Join us for a bite before or after. Toronto Blue Jays vs Baltimore Orioles #SpringTraining #Patricks #fans pic.twitter.com/zbBroYDQJ2";;;#SpringTraining #Patricks #fans;"971785740463104002";https://twitter.com/Patricks1481/status/971785740463104002
lazukshiplu;2018-03-08 13:59;0;1;"#stpatricks #patricksday #patricks #tshirt #tshirtdesign #fullshirtdesign #tshirtprinting #InternationalWomensDay @LFC , @ChelseaFC #ThursdayThoughts #DiaInternacionalDeLaMujer @marca #PitMad #BecauseSheIsAWoman @2DaniLuiz Hurry Up- http:// bit.ly/2D6PbDQ pic.twitter.com/AinguNVh49";;@LFC @ChelseaFC @marca @2DaniLuiz;#stpatricks #patricksday #patricks #tshirt #tshirtdesign #fullshirtdesign #tshirtprinting #InternationalWomensDay #ThursdayThoughts #DiaInternacionalDeLaMujer #PitMad #BecauseSheIsAWoman;"971747226811744257";https://twitter.com/lazukshiplu/status/971747226811744257
TrendingStylesz;2018-03-08 11:23;0;0;"Get your original T-Shirt now for the #Patricks Event #Irish #ST #patrick #Ireland #StPatricksDay http:// bit.ly/PatricksLuck1-T http:// bit.ly/PatricksLuck1-T";;;#Patricks #Irish #ST #patrick #Ireland #StPatricksDay;"971708102377648128";https://twitter.com/TrendingStylesz/status/971708102377648128
NetMarketZine;2018-03-08 08:42;0;0;"#Dear #Liver #Stay #Strong #Funny #Drunk St #Patricks Day #Attire [Flickr] https:// goo.gl/fb/5ffwqK http:// CurationClub.com";;;#Dear #Liver #Stay #Strong #Funny #Drunk #Patricks #Attire;"971667381771800577";https://twitter.com/NetMarketZine/status/971667381771800577
wwday3;2018-03-08 08:37;0;0;"#Dear #Liver #Stay #Strong #Funny #Drunk St #Patricks Day #Attire [Flickr] https:// goo.gl/fb/c5nYGX";;;#Dear #Liver #Stay #Strong #Funny #Drunk #Patricks #Attire;"971666096330825728";https://twitter.com/wwday3/status/971666096330825728
LPatrickArt;2018-03-07 23:00;0;0;"Lucky Shamrock https://www. redbubble.com/people/laurenp atrick/works/30521332-lucky-shamrock?asc=t … via @redbubble Happy "saintpatricksday #saint #patricks #patrick #day #shamrock #luck #goodluck #good #irish";;@redbubble;#saint #patricks #patrick #day #shamrock #luck #goodluck #good #irish;"971520972317757440";https://twitter.com/LPatrickArt/status/971520972317757440
LPatrickArt;2018-03-07 22:59;0;0;"Clover Field https://www. redbubble.com/people/laurenp atrick/works/30628028-clover-field?asc=t … via @redbubble Happy #saintpatricksday #saint #patricks #patrick #day #clover #shamrock #fourleaf #4leaf";;@redbubble;#saintpatricksday #saint #patricks #patrick #day #clover #shamrock #fourleaf #4leaf;"971520629156601856";https://twitter.com/LPatrickArt/status/971520629156601856
CherylsArt;2018-03-07 19:48;0;0;"This is a great pin on #button to wear for Saint #Patricks Day: https://www. zazzle.com/z/o3ow1?rf=238 518040592932293 … https:// fb.me/1eIxcsb5l";;;#button #Patricks;"971472663079043073";https://twitter.com/CherylsArt/status/971472663079043073
NetMarketZine;2018-03-07 08:46;0;1;"#Funny #Saint #Patricks Day Tee #Shirt with #lips and #shamrock [Flickr] https:// goo.gl/fb/JcAYLm http:// CurationClub.com";;;#Funny #Saint #Patricks #Shirt #lips #shamrock;"971306081963175947";https://twitter.com/NetMarketZine/status/971306081963175947
wwday3;2018-03-07 08:41;0;0;"#Funny #Saint #Patricks Day Tee #Shirt with #lips and #shamrock [Flickr] https:// goo.gl/fb/vQEyWH";;;#Funny #Saint #Patricks #Shirt #lips #shamrock;"971304762934218752";https://twitter.com/wwday3/status/971304762934218752
wwday3;2018-03-07 07:32;0;0;"#Shut Up #Liver , #Funny St. Patrick's Day #Tshirt , Men, #Women , [Flickr] https:// goo.gl/fb/SbmdvK #patricks";;;#Shut #Liver #Funny #Tshirt #Women #patricks;"971287558943641603";https://twitter.com/wwday3/status/971287558943641603
jefferyblinca;2018-03-07 01:41;0;0;"#bechaun - FuWomen's #Danny #Leprechaun #Dabbing St #Patricks Day Shirt Large Kelly Green http:// rviv.ly/8itk0p";;;#bechaun #Danny #Leprechaun #Dabbing #Patricks;"971199218093318144";https://twitter.com/jefferyblinca/status/971199218093318144
connolly_cove;2018-03-06 17:47;0;0;"St. Patrick's Cathedral in county Armagh, Northern Ireland - Historical religious place! https://www. youtube.com/watch?v=CMoGAh ZdiPY … #Patricks #cathedral #church #NorthernIreland #NI #Armagh";;;#Patricks #cathedral #church #NorthernIreland #NI #Armagh;"971079750050615296";https://twitter.com/connolly_cove/status/971079750050615296
thefunkybeans;2018-03-05 23:16;0;0;"One of my all time favorite places to get pastries #patricks This one is a chef special that you… https://www. instagram.com/p/Bf9avMwgsDn/";;;#patricks;"970800343729700864";https://twitter.com/thefunkybeans/status/970800343729700864
crafts_cheers;2018-03-05 20:08;0;0;"Join 11 people right now at "A Matcha Hot Chocolate Recipe for St Patricks Day" #cheers #crafts #entertainment #papernstitchblog #chocolate #patricks #recipe #matcha http:// cheers.ws/Z24pQi?utm_sou rce=dlvr.it&utm_medium=twitter … pic.twitter.com/65eeqvw3zl";;;#cheers #crafts #entertainment #papernstitchblog #chocolate #patricks #recipe #matcha;"970752832495173632";https://twitter.com/crafts_cheers/status/970752832495173632
wwday3;2018-03-05 10:39;0;0;"St #Patricks Day #Shirt #Women #Sexy #Leprechaun #Girls #Kids #Lady [Flickr] https:// goo.gl/fb/sPcF5o";;;#Patricks #Shirt #Women #Sexy #Leprechaun #Girls #Kids #Lady;"970609693507899393";https://twitter.com/wwday3/status/970609693507899393
NetMarketZine;2018-03-05 10:31;0;0;"St #Patricks Day #Shirt #Women #Sexy #Leprechaun #Girls #Kids #Lady … https:// goo.gl/fb/YVtMp7 http:// CurationClub.com";;;#Patricks #Shirt #Women #Sexy #Leprechaun #Girls #Kids #Lady;"970607763842838528";https://twitter.com/NetMarketZine/status/970607763842838528
lazukshiplu;2018-03-05 03:21;0;0;"#stpatricks #patricksday #patricks #tshirt #tshirtdesign #fullshirtdesign #tshirtprinting #Oscars #Dunkirk #BestSupportingActor #Coco #Armie #Hammer #RememberMe #HereWeAre The Shape of Water Hurry Up- http:// bit.ly/2oHDj6Z pic.twitter.com/ahuVYtC4UZ";;;#stpatricks #patricksday #patricks #tshirt #tshirtdesign #fullshirtdesign #tshirtprinting #Oscars #Dunkirk #BestSupportingActor #Coco #Armie #Hammer #RememberMe #HereWeAre;"970499549725827072";https://twitter.com/lazukshiplu/status/970499549725827072
wwday3;2018-03-04 20:12;0;0;"I #Love #Getting #Head on St. #Patricks Day #Adult #Funny T-Shirt [Flickr] https:// goo.gl/fb/UvKeej #tshirt";;;#Love #Getting #Head #Patricks #Adult #Funny #tshirt;"970391647291887617";https://twitter.com/wwday3/status/970391647291887617
NetMarketZine;2018-03-04 19:12;0;0;"I #Love #Getting #Head on St. #Patricks Day #Adult #Funny T-Shirt [Flickr] https:// goo.gl/fb/TPB9y5 http:// CurationClub.com";;;#Love #Getting #Head #Patricks #Adult #Funny;"970376452834299905";https://twitter.com/NetMarketZine/status/970376452834299905
Patricks1481;2018-03-04 18:00;1;2;"WIN Patrick's Photobomb Contest! Enter a photo of Patrick's Brunch, Lunch or Dinner by uploading your photo to Twitter, Facebook or Instagram, hashtag #Patricks & be entered to win one of three $50 Gift Certificates to Patrick's 1481 Main St. Sarasota. #Patricks #Contest pic.twitter.com/JQW5ATEKnx";;;#Patricks #Patricks #Contest;"970358398813376513";https://twitter.com/Patricks1481/status/970358398813376513
Patricks1481;2018-03-04 14:00;0;0;"Who's ready for brunch? #patio #enjoytoday #Patricks #bacon #brunch #YUM pic.twitter.com/cmNeEcFOzz";;;#patio #enjoytoday #Patricks #bacon #brunch #YUM;"970297998700875776";https://twitter.com/Patricks1481/status/970297998700875776
lazukshiplu;2018-03-04 12:16;0;0;"#stpatricks #patricksday #patricks #tshirt #tshirtdesign #fullshirtdesign #tshirtprinting #TriggerALiberalIn4Words #TriggerAConservativeIn4Words #Skyway10K #TriggerATrumperIn4Words #SundayMorning , #WilderOrtiz #UFC222 Hurry Up- http:// bit.ly/2oHDj6Z pic.twitter.com/BswUZ9ypsV";;;#stpatricks #patricksday #patricks #tshirt #tshirtdesign #fullshirtdesign #tshirtprinting #TriggerALiberalIn4Words #TriggerAConservativeIn4Words #Skyway10K #TriggerATrumperIn4Words #SundayMorning #WilderOrtiz #UFC222;"970271803837882368";https://twitter.com/lazukshiplu/status/970271803837882368
lazukshiplu;2018-03-04 12:16;0;0;"#stpatricks #patricksday #patricks #tshirt #tshirtdesign #fullshirtdesign #tshirtprinting #TriggerALiberalIn4Words #TriggerAConservativeIn4Words #Skyway10K #TriggerATrumperIn4Words #SundayMorning , #WilderOrtiz #UFC222 Hurry Up- http:// bit.ly/2oHDj6Z pic.twitter.com/xw3tB5iM4B";;;#stpatricks #patricksday #patricks #tshirt #tshirtdesign #fullshirtdesign #tshirtprinting #TriggerALiberalIn4Words #TriggerAConservativeIn4Words #Skyway10K #TriggerATrumperIn4Words #SundayMorning #WilderOrtiz #UFC222;"970271769826287616";https://twitter.com/lazukshiplu/status/970271769826287616
lazukshiplu;2018-03-04 12:10;0;0;"#stpatricks #patricksday #patricks #tshirt #tshirtdesign #fullshirt -design #t -shirtprinting #TriggerALiberalIn4Words #TriggerAConservativeIn4Words #Skyway10K #TriggerATrumperIn4Words #SundayMorning , Charles Barkley, Gridiron Dinner, Gig Harbor Hurry Up- http:// bit.ly/2oHDj6Z pic.twitter.com/eFJvwlCz4i";;;#stpatricks #patricksday #patricks #tshirt #tshirtdesign #fullshirt #t #TriggerALiberalIn4Words #TriggerAConservativeIn4Words #Skyway10K #TriggerATrumperIn4Words #SundayMorning;"970270346531098624";https://twitter.com/lazukshiplu/status/970270346531098624
crafts_cheers;2018-03-04 04:34;0;0;"Join 6 people right now at "Kids Craft St Patricks Day Necklace" #cheers #crafts #entertainment #craftgossip #suggestion #kidscrafts #patricks #necklace #patrick #craft #kids #link http:// cheers.ws/Z23HKB?utm_sou rce=dlvr.it&utm_medium=twitter … pic.twitter.com/IJfwMUPeSC";;;#cheers #crafts #entertainment #craftgossip #suggestion #kidscrafts #patricks #necklace #patrick #craft #kids #link;"970155388858286082";https://twitter.com/crafts_cheers/status/970155388858286082
Patricks1481;2018-03-04 01:30;1;0;"WIN Patrick's Photobomb Contest! Enter a photo of Patrick's Brunch, Lunch or Dinner by uploading your photo to Twitter, Facebook or Instagram, hashtag #Patricks & be entered to win one of three $50 Gift Certificates to Patrick's 1481 Main St. Sarasota. #Patricks #Contest pic.twitter.com/oYWThIrPl3";;;#Patricks #Patricks #Contest;"970109211068727299";https://twitter.com/Patricks1481/status/970109211068727299
Patricks1481;2018-03-03 12:00;1;1;"WIN Patrick's Photobomb Contest! Enter a photo of Patrick's Brunch, Lunch or Dinner by uploading your photo to Twitter, Facebook or Instagram, hashtag #Patricks & be entered to win one of three $50 Gift Certificates to Patrick's 1481 Main St. Sarasota. #Patricks #Contest pic.twitter.com/6jGtzaGTYe";;;#Patricks #Patricks #Contest;"969905395803283456";https://twitter.com/Patricks1481/status/969905395803283456
phanduyson;2018-03-02 23:28;0;0;"CLEVENGER PATRICKS DAY https:// goo.gl/xoqCJw #clevenger #patricks #day #ReadAcrossAmericaDay pic.twitter.com/T98dxEqSv3";;;#clevenger #patricks #day #ReadAcrossAmericaDay;"969716168280956928";https://twitter.com/phanduyson/status/969716168280956928
Patricks1481;2018-03-02 21:00;0;0;"Seriously oh so delish #chili #bestchili #patricks #delish #foodie pic.twitter.com/SFreFKG5WH";;;#chili #bestchili #patricks #delish #foodie;"969678956545810432";https://twitter.com/Patricks1481/status/969678956545810432
Patricks1481;2018-03-02 19:30;0;0;"WIN Patrick's Photobomb Contest! Enter a photo of Patrick's Brunch, Lunch or Dinner by uploading your photo to Twitter, Facebook or Instagram, hashtag #Patricks & be entered to win one of three $50 Gift Certificates to Patrick's 1481 Main St. Sarasota. #Patricks #Contest pic.twitter.com/0tTLIHCIXD";;;#Patricks #Patricks #Contest;"969656132590555136";https://twitter.com/Patricks1481/status/969656132590555136
Patricks1481;2018-03-02 17:45;0;0;"After work happy hour, they said #twistmyarm #afterwork #happyhour #drinks #patricks #bestbar #bestdrinks #hometown pic.twitter.com/tV3CflgFIS";;;#twistmyarm #afterwork #happyhour #drinks #patricks #bestbar #bestdrinks #hometown;"969629712174723072";https://twitter.com/Patricks1481/status/969629712174723072
kyirim;2018-03-01 22:10;0;0;"#SAINT #PATRICKS #DAY ! hit up me or mc_lecter_520 if u tryna get on it!! **New flier coming… https://www. instagram.com/p/Bfy_7KXniNR/";;;#SAINT #PATRICKS #DAY;"969333995510161408";https://twitter.com/kyirim/status/969333995510161408
food_cheers;2018-03-01 19:49;0;1;"Join 7 people right now at "St. Patricks themed Vegan Cooking class on March 10th in Rockville, Maryland" #cheers #food #recipes #cooking #vegetarian #rockville #maryland #patricks #themed #vegan #class #march http:// cheers.ws/Z238Gp?utm_sou rce=dlvr.it&utm_medium=twitter … pic.twitter.com/wx6Rv5jr0k";;;#cheers #food #recipes #cooking #vegetarian #rockville #maryland #patricks #themed #vegan #class #march;"969298516525826048";https://twitter.com/food_cheers/status/969298516525826048
SuperSoftKnits;2018-03-01 18:54;12;7;"#Green items #sale for Saint #Patricks #Day ! #Wedding #Bolero #Pine #green #shrug #Evening #dress #coverup #Green #Bridesmaid #jacket http:// etsy.me/2ox1HZ2 @Etsy_com pic.twitter.com/HMM3GUHC7Y";;@Etsy_com;#Green #sale #Patricks #Day #Wedding #Bolero #Pine #green #shrug #Evening #dress #coverup #Green #Bridesmaid #jacket;"969284775130402816";https://twitter.com/SuperSoftKnits/status/969284775130402816
RFCosplay;2018-03-01 17:01;0;9;"Are you ready for March?? My Patreon rewards this month are amazing!!! . #irish #bar #maid #redhead #green #ginger #shamrocks #stpattysday #stpatricksday #st #patricks #day #green #corset #sewing #boobs #hot #sexy #cosplay #beer #mug #skirt pic.twitter.com/EqsSLYYvXt";;;#irish #bar #maid #redhead #green #ginger #shamrocks #stpattysday #stpatricksday #st #patricks #day #green #corset #sewing #boobs #hot #sexy #cosplay #beer #mug #skirt;"969256209294528514";https://twitter.com/RFCosplay/status/969256209294528514
Patricks1481;2018-03-01 15:30;1;0;"WIN Patrick's Photobomb Contest! Enter a photo of Patrick's Brunch, Lunch or Dinner by uploading your photo to Twitter, Facebook or Instagram, hashtag #Patricks & be entered to win one of three $50 Gift Certificates to Patrick's 1481 Main St. Sarasota. #Patricks #Contest pic.twitter.com/wSGOdjiteY";;;#Patricks #Patricks #Contest;"969233497171865601";https://twitter.com/Patricks1481/status/969233497171865601
BellyOSo;2018-03-01 14:11;1;2;"Get it Before the #Saint #Patricks #Day #Parade ! Show off your #Lucky #FourLeafClover #Pregnancy #Pump #Maternity #Cool #Irish #Tshirt #LuckyCharm #BabyBump #Green #Pride https:// bellyosopregnant.wixsite.com/info/shop-test pic.twitter.com/AYQA8JpG36";;;#Saint #Patricks #Day #Parade #Lucky #FourLeafClover #Pregnancy #Pump #Maternity #Cool #Irish #Tshirt #LuckyCharm #BabyBump #Green #Pride;"969213645581357056";https://twitter.com/BellyOSo/status/969213645581357056
wwday3;2018-03-01 08:06;0;1;"#Wichita #Pride St. #Patricks Day #Drinking #Team T-Shirt [Flickr] https:// goo.gl/fb/WXNSQs #tshirt";;;#Wichita #Pride #Patricks #Drinking #Team #tshirt;"969121630365605888";https://twitter.com/wwday3/status/969121630365605888
NetMarketZine;2018-03-01 08:04;0;0;"#Wichita #Pride St. #Patricks Day #Drinking #Team T-Shirt [Flickr] https:// goo.gl/fb/JDqCd7 http:// CurationClub.com #tshirt";;;#Wichita #Pride #Patricks #Drinking #Team #tshirt;"969121106421604352";https://twitter.com/NetMarketZine/status/969121106421604352
SuperSoftKnits;2018-03-01 04:22;16;7;"Green items #sale for Saint #Patricks #Day ! #Wedding #Bolero #Pine #green #shrug #sweater #Evening #dress #coverup #Green #Bridesmaid #bolerojacket #Bridal #Shrug http:// etsy.me/2nSTXz6 @Etsy_com pic.twitter.com/qFgv5VzLvZ";;@Etsy_com;#sale #Patricks #Day #Wedding #Bolero #Pine #green #shrug #sweater #Evening #dress #coverup #Green #Bridesmaid #bolerojacket #Bridal #Shrug;"969065286644232197";https://twitter.com/SuperSoftKnits/status/969065286644232197
Patricks1481;2018-03-01 00:00;0;0;"Long live bacon #brunch #everyweekend from 11 AM - 3 PM #BestBrunch #Patricks pic.twitter.com/CSpLgQXVVP";;;#brunch #everyweekend #BestBrunch #Patricks;"968999442660634626";https://twitter.com/Patricks1481/status/968999442660634626